HR,HRV,Respiration,Valence,Arousal,Dominance
98.4002985445951,0.12237157402149973,21.994272324915386,1.29,1.4000000000000004,6.9
93.03859123267141,0.1284509768134982,25.13911620294599,0.9000000000000004,1.6900000000000004,7.28
94.42622950819673,0.12744220937271128,21.596143545795396,0.41999999999999993,1.46,9.0
93.65853658536585,0.1386401520376233,22.78575890068707,4.94,6.01,6.12
92.9225396033429,0.1437013222517641,13.291029708681856,6.96,3.92,7.19
90.7124207385304,0.14929681379062731,14.80719794344473,8.27,3.92,7.0
93.44706472654289,0.13515981097870608,14.517958412098299,7.44,3.73,7.08
93.2832456799399,0.14660863672557592,23.37306619325387,7.32,2.55,6.32
95.92805395953035,0.14071099800988374,7.664670658682635,4.04,3.29,3.62
96.28599801390267,0.12021485945518555,16.294200848656295,1.99,4.86,2.04
93.29492798998122,0.15165831541207594,14.472361809045227,2.99,2.36,3.63
90.53423626787058,0.15076233680142753,25.718701700154558,2.71,2.77,3.4
91.38276553106212,0.14007070853331022,23.12041884816754,1.95,3.12,2.87
95.98800149981251,0.12381023135699196,14.311926605504587,4.18,2.24,3.04
95.55804404628593,0.13844514916085676,12.58381648600958,3.17,8.08,2.91
91.44003007895726,0.14547774073017858,24.0,2.1900000000000004,1.5599999999999996,8.15
95.60165975103735,0.13936550166937137,23.850931677018632,2.46,6.91,6.77
91.75855631611698,0.1486862284915223,15.491679273827534,1.7699999999999996,1.8499999999999996,6.94
98.60882572924457,0.12201718823825228,18.65984654731458,1.83,1.0,8.1
90.94988780852655,0.1617363913809081,14.761120263591431,0.7400000000000002,1.0899999999999999,7.19
94.2449286250939,0.13974642685167404,24.721030042918454,0.0,1.0499999999999998,8.37
95.00437335999001,0.13473526054456506,11.642243557352199,7.09,2.08,7.06
90.6785980611484,0.15854026144690733,12.8,8.15,3.01,7.37
93.13164145518189,0.14270398124818473,7.264864864864865,1.96,1.9100000000000001,8.01
95.60562678949334,0.12209542866615389,24.12666499120382,0.14000000000000057,1.79,8.65
96.35776397515528,0.1352474294079591,17.30286449951722,1.7199999999999998,1.7300000000000004,7.41
93.95081762576457,0.1451721570699742,25.858585858585858,1.6500000000000004,2.05,7.03
92.18304576144035,0.14961206286002074,13.407041024148967,3.88,3.35,4.01
92.53012048192771,0.14782369361617878,14.095437860513895,1.36,2.27,3.0
96.64590082232743,0.13599165461905857,14.853017019082,2.08,2.99,3.22
98.6580194562235,0.12212619822213802,13.67359050445104,3.03,8.14,2.86
95.73672400897532,0.1381491247314383,17.347860749402074,2.28,8.0,3.27
90.84796413896152,0.1552675135985821,7.378939277478863,3.81,3.85,4.78
95.28535980148884,0.13597790347837768,21.203138622493462,2.28,7.09,7.28
93.9625468164794,0.14062301152048695,15.90885551527706,2.06,8.15,8.05
99.32697137117027,0.12644798843287194,15.450643776824034,2.9,6.92,6.5
94.50839030453699,0.12543124130065766,19.522114895780376,2.31,6.88,3.1
97.43283582089552,0.12457520000077689,14.133635334088336,3.33,7.18,6.54
93.98601398601399,0.14654149609080225,20.81569437274135,3.24,6.18,7.87
92.21763602251407,0.1432929388316835,19.911848586984704,3.9000000000000004,1.88,6.17
98.38805970149254,0.12987691802732684,31.893687707641195,0.0,3.9699999999999998,7.13
95.65325694357952,0.13793563358926464,24.284584980237153,0.9900000000000002,1.9000000000000004,8.04
93.82198952879581,0.14716069424220224,35.427985648385445,0.0,0.0,8.96
93.75186846038864,0.14634872958261416,29.327902240325866,6.05,1.0,5.04
95.71286141575274,0.13966739928084507,31.1867959130207,5.04,3.0,3.65
89.38055312226255,0.15727251349506385,28.135421930267814,5.0,4.94,5.04
90.72370057199701,0.15156109442618657,25.125408942202835,4.96,1.99,4.08
89.68357609241586,0.16167004367825522,26.019198193111237,0.0,0.0,9.0
99.67802321228005,0.1275256589162772,28.98894580749528,0.0,2.0,9.0
92.7605528576765,0.14795532674887443,31.378958120531156,4.99,1.0,9.0
100.86303939962477,0.12454543730906725,26.398730830248546,7.08,1.0,7.01
91.74713787954207,0.15109462467340617,28.13186813186813,0.9900000000000002,2.9400000000000004,7.12
97.91999999999999,0.14739178630718783,27.88880540946657,9.0,4.99,9.0
100.06204243702693,0.12084222126003377,25.9529602595296,0.0600000000000005,0.0,8.97
92.3794010775592,0.1629020989775804,31.024237685691944,0.0,0.9900000000000002,8.06
90.78014184397163,0.15038499113678375,33.5716122396503,3.0,3.95,8.05
102.91296180338134,0.11707073312521488,28.309636650868878,9.0,3.0,6.03
92.88778054862843,0.1503122186569409,32.293577981651374,0.0,2.8499999999999996,9.0
96.5673330818559,0.14229243638075734,29.95470558631102,0.0,0.6799999999999997,8.06
90.55479707087005,0.14279797166777525,29.644879053010808,0.02999999999999936,0.0,8.03
101.7345663584104,0.11649384566604286,34.847491807411146,1.0,1.0,5.04
96.6218236173393,0.12017697751191111,36.9137364027321,5.0,1.0,4.97
97.94448612153039,0.13099952456795952,23.164244584590072,1.0,2.97,1.0
95.76059850374064,0.14183937465712756,22.107634543178975,1.92,0.0,6.06
101.09027691543524,0.12460533189366421,29.70165745856354,0.0,0.0,8.1
91.93017456359102,0.13871275011331716,26.503849216883463,0.0,0.9600000000000009,9.0
93.60029847033951,0.1331467715727199,28.864696734059095,4.96,5.01,3.01
91.69008829747543,0.14999586647131025,25.810306198655713,4.06,4.97,7.14
94.12706353176588,0.14078805002648778,26.308043643745243,2.99,7.04,7.03
103.91261171797419,0.11565822345915396,30.27732463295269,2.01,7.05,1.0
102.94650614372595,0.10646307597288247,30.35573122529644,4.06,7.05,1.0
101.22855011191247,0.11264830837658574,32.49074563722898,1.0,9.0,2.01
98.54824506227197,0.12691575290763443,32.982821447162934,5.0,8.03,3.01
91.25703564727955,0.15014519677964136,37.29133858267717,4.87,1.0,6.99
103.15842329902084,0.12177420667362664,26.4624808575804,1.99,2.0,1.0
93.72851805728519,0.1461619701441707,34.71074380165289,5.04,1.0,7.09
92.14848143982002,0.13459014524969404,28.742514970059883,1.0,8.06,1.0
95.2781954887218,0.14198980917640458,28.9811320754717,1.0,9.0,1.0
98.67032555818885,0.1266347568787852,19.53577106518283,1.0,1.0,2.97
94.40278122671965,0.1445736361685541,34.34534161490683,2.95,2.33,6.94
87.84781797836628,0.1431509705335173,25.13089005235602,5.33,4.67,4.97
89.69483862865754,0.15700804850236513,18.942917547568708,7.21,4.44,5.22
89.97008973080759,0.1433588929233707,10.256410256410257,7.55,2.81,5.91
83.93442622950819,0.13900782569227238,9.326047358834245,4.69,3.69,5.0
85.85268910694325,0.14763195673499016,8.557103064066853,6.92,4.44,5.56
89.00186915887849,0.13537747238228384,27.20188902007084,6.79,1.97,4.38
86.92537313432835,0.16193045607845605,6.808510638297872,5.45,3.01,5.04
85.31203195207189,0.13846746079792477,11.707317073170731,7.14,4.33,5.74
86.5081351689612,0.1399083677611842,18.691184424012977,7.33,3.23,5.99
91.06340489266101,0.13162740678364013,13.896260554885405,4.45,5.49,5.71
93.88050392915055,0.13075031942620957,16.81260945709282,7.94,3.12,4.23
92.05643650892746,0.1352118630675885,9.25301204819277,6.36,3.15,3.12
91.06340489266101,0.11789321783707751,4.429065743944637,7.91,2.97,3.68
89.83573917371828,0.1321348515188017,9.109119662625197,7.29,3.86,4.4
87.32725228039484,0.13617305557750836,7.441860465116279,7.36,2.92,3.81
91.14303560274828,0.14246426273762605,16.10062893081761,7.15,4.37,4.03
84.40614462345448,0.13880057806955406,28.09756097560976,4.56,1.78,4.1
86.28136312570217,0.1272875240373518,26.448979591836732,7.1,2.13,5.04
90.19490254872564,0.1265793133389403,8.875192604006163,8.14,3.17,5.47
86.90375528475504,0.13484799054539126,15.925349922239503,6.26,3.13,4.32
87.67340861149026,0.11969165374194105,17.768100163309743,4.99,6.44,4.54
83.93442622950819,0.1439205078194999,22.10909090909091,4.94,1.0,4.13
88.95752895752896,0.14970469877661655,18.3963691376702,3.65,2.5,3.03
94.7085201793722,0.13464547170399108,8.597014925373134,3.31,2.27,1.91
85.52552552552552,0.1398630446527867,29.25906463478718,3.45,1.41,2.9
87.28362682652678,0.12548462944118585,15.737704918032787,4.67,1.18,2.64
90.17237072195853,0.13689857236671665,4.2430939226519335,6.72,3.29,4.46
85.24819156896983,0.15592329102657138,16.17693522906793,5.59,2.51,2.65
88.1327179743046,0.1363887784446711,25.7984496124031,4.47,3.85,3.08
93.95081762576457,0.13836275245222387,16.330498177399758,3.87,3.09,2.72
89.12403294235088,0.13685308615258635,25.705458290422246,4.44,4.06,4.63
87.92434046789448,0.13963758667087225,26.974410436527847,5.17,4.49,5.91
87.109560014957,0.15405072993487723,8.258064516129032,4.05,3.83,5.5
86.78504905004347,0.13843481796452142,17.260708619777894,4.72,8.12,5.85
87.96812749003985,0.1316219977106358,16.50793650793651,3.18,5.04,5.65
85.53622825678889,0.1394470793473638,3.9546858908341918,3.99,3.5,4.54
87.07699975080986,0.14055448753112998,9.452954048140043,4.92,6.05,5.46
85.08900784264907,0.15118424475006426,10.029850746268657,4.53,5.68,5.65
90.37556334501753,0.13227352073638154,5.396290050590219,4.33,6.21,5.68
86.06649234217407,0.13708927964876777,29.179331306990882,5.38,4.33,5.67
95.0281214848144,0.14942629709046237,25.797462055237624,2.3200000000000003,3.9699999999999998,8.22
91.86145028656864,0.16127372770837667,36.19795758051846,4.06,3.31,1.99
90.14985014985015,0.1630632109704207,27.82608695652174,0.05000000000000071,0.9000000000000004,5.85
90.58852743978147,0.1540226898368919,27.16523496715513,6.1,3.92,4.19
91.5088423429073,0.16184966853583382,27.379679144385026,4.06,5.04,4.15
87.46933667083856,0.1734181621151669,27.711340206185564,5.01,2.95,4.04
92.66824231869636,0.16673977519064329,28.16871888917998,2.94,1.99,2.92
91.07477218824117,0.16192983421361473,28.235294117647058,3.0300000000000002,3.95,7.14
89.23538230884557,0.16405172476301305,23.202416918429,6.05,3.96,5.06
89.90286425902865,0.16647280160210645,35.60133917074427,3.15,3.99,4.12
90.1836352279825,0.15380949440482403,31.71171171171171,1.7599999999999998,1.92,6.08
86.82817741334328,0.17436717061648432,28.466257668711656,3.96,3.96,5.04
94.66135458167331,0.14469440978496487,34.350772567091354,4.12,4.88,5.05
89.98130375171382,0.16644634733327837,31.164088257671825,2.04,2.0300000000000002,5.23
93.95081762576457,0.14519789558031237,22.12424849699399,2.04,1.9500000000000002,3.28
94.48490120541817,0.15499432477623754,26.788301583042664,2.51,2.95,1.08
92.69130272489735,0.15415390797888176,29.462915601023017,1.9900000000000002,3.05,6.04
94.02123672704559,0.14518625253368234,21.452513966480446,4.9,2.85,4.72
95.00437335999001,0.15635534276701135,28.957716132507407,1.9100000000000001,2.7800000000000002,5.92
91.67868689380751,0.15606466533839358,28.242710795902283,0.8300000000000001,0.9499999999999993,6.08
89.24653255029365,0.177322953162335,26.728538283062647,1.77,2.06,3.73
93.5886595374285,0.15404541810909222,24.96,1.86,2.78,4.97
89.92526158445442,0.16599169355412555,22.96900489396411,1.86,2.04,1.0
90.42084168336673,0.17211588728280305,29.42528735632184,2.71,5.13,2.04
91.67868689380751,0.15287067979551577,28.114112597828832,2.0,2.96,5.01
89.57935227695744,0.16308271714123193,32.7382146439318,6.0,4.09,3.96
93.39123960789179,0.15001013489992707,27.21259842519685,2.8600000000000003,2.87,4.92
90.56603773584906,0.15992230586904904,30.54657428791378,2.17,6.96,3.03
95.65325694357952,0.14584200820552998,33.029966703662595,1.85,4.88,1.95
94.80299251870323,0.1539784973637527,28.52269601100413,3.1,3.08,3.06
91.04067881207887,0.1678196660506916,30.565136641018835,2.01,2.23,1.0
96.04802401200601,0.1321209939080463,23.06005221932115,1.01,6.15,1.09
93.42601787487587,0.14813492583985463,29.19412062848454,1.0,1.97,3.67
94.6359864202188,0.13897824082213345,27.872696817420433,2.17,2.18,3.46
89.81338641453097,0.157988765749078,22.976066597294487,2.03,2.88,1.06
91.73572228443449,0.16867773368900263,40.041710114702816,2.72,2.76,1.99
91.78140171791361,0.14404432508041984,27.56923076923077,1.0,1.0,1.0
94.7085201793722,0.15388476105674428,24.195326857442897,1.79,1.85,1.78
93.39123960789179,0.14976498009250222,27.015075376884422,1.92,2.96,1.82
91.21140142517814,0.16518685840825675,21.507128309572302,1.86,2.91,1.88
83.5095613048369,0.15894076925482925,12.110091743119266,6.97,4.9,2.99
79.11557788944724,0.15013164165118897,14.516129032258062,0.0,0.0,7.97
87.58992354931695,0.17315364450015527,23.2258064516129,4.95,4.88,2.06
87.73873090773625,0.14979203150791764,17.497371188222925,0.7599999999999998,3.92,6.01
88.80844645550528,0.16335525557286196,12.110091743119266,3.04,4.01,5.08
91.66728832525177,0.15439657217595426,16.48953301127214,0.9100000000000001,1.92,4.94
82.46722437258084,0.167575537379514,11.047180667433832,3.88,2.0300000000000002,5.04
89.64609462312183,0.15360286030216555,11.294117647058824,0.8300000000000001,3.09,4.04
95.1946913734819,0.14676812598831906,10.497539639147075,6.94,4.95,3.99
91.62172238101155,0.1396586570764674,8.771573604060913,3.03,4.0,8.03
85.26946107784431,0.1670626640382534,7.958549222797927,0.0,3.0,6.03
87.95717664633388,0.15852173845936685,10.786516853932584,7.08,4.03,3.12
87.68883312421582,0.1604478421902624,8.421052631578947,4.94,2.88,4.0
86.87134866376631,0.17198024539791268,10.21820117083555,7.21,4.01,2.95
85.34398801348483,0.1723869354259164,12.993232691306611,2.0300000000000002,2.95,1.0
89.23538230884557,0.16110080536666874,11.3915857605178,3.04,3.96,4.01
88.12172611623846,0.1549450208688224,14.476908576814326,6.88,2.96,3.01
92.09093180114914,0.14851234735203975,8.998242530755713,8.05,3.97,3.01
90.43216835776025,0.15770285058087177,17.98068481123793,8.03,4.97,4.05
84.81449311328949,0.1716035076299906,12.972972972972974,7.0,1.99,1.0
87.21827031074504,0.1605995006935186,9.943034697048162,4.0,2.87,2.99
87.60090248182503,0.15601396554396355,6.037735849056604,2.01,1.0499999999999998,1.99
87.80415061513608,0.16207489683343285,5.005213764337852,1.0,7.05,7.0
89.67950310559006,0.16134017298525272,41.29032258064516,4.0,5.04,4.12
84.13295157475414,0.15452684810646067,15.395189003436426,5.96,4.87,3.06
88.36418209104552,0.1623619985761443,11.216144450345194,7.96,3.0,1.0
83.61406582405206,0.1577804391565905,9.133192389006343,7.0,1.99,2.0
92.44973938942667,0.14980778357052607,8.340573414422241,3.9,4.08,2.86
82.39520958083833,0.16443028871107995,9.846153846153847,4.04,3.01,1.91
91.40566274116762,0.1480191427355609,8.540925266903914,2.94,8.1,9.0
88.01195814648729,0.15205767439171422,4.951644100580271,2.0999999999999996,2.96,7.95
88.16571000748691,0.15555832181888296,11.932877563704164,1.94,4.12,2.06
88.99077996511339,0.15992726363141857,10.084033613445378,3.83,0.0,8.01
89.60481746330449,0.15783628855110962,10.620774431468961,2.9699999999999998,2.0300000000000002,8.1
88.62638044422386,0.17017308119004115,19.83098591549296,4.86,8.1,8.17
86.8389662027833,0.15550219744509688,9.545454545454545,4.91,9.0,9.0
85.50412809607205,0.1619380823382865,7.32824427480916,1.91,7.01,6.04
89.83573917371828,0.14773483200751739,10.253671562082777,1.0,3.91,6.13
88.74751491053678,0.1574865349784689,9.343065693430656,1.0,4.86,7.05
89.28,0.1557619161661904,18.936986301369863,2.0,2.04,8.0
93.77523050087217,0.14206361727667227,18.872219348163476,8.19,4.13,6.56
89.49254479388549,0.14852787216319926,25.61313494099538,2.17,2.38,7.08
93.56539035305819,0.14066340829203905,19.581845996940338,1.3099999999999996,3.01,6.87
89.3134925597099,0.15245515477771934,19.089481946624804,1.4500000000000002,2.21,7.56
95.49863218104949,0.1345210870144993,26.846193682030037,1.9900000000000002,1.62,6.55
92.88778054862843,0.1387717335105219,18.517766497461928,8.05,4.5,7.58
93.40282948622486,0.1419366032692151,24.279210925644918,0.7400000000000002,0.7300000000000004,7.28
90.83665338645417,0.1461398895488417,16.388370232061884,7.05,2.69,5.0
89.77987812461137,0.15825945606001157,20.52927024859663,1.13,3.87,6.1
89.67950310559006,0.1425731772122675,19.51219512195122,1.63,3.54,8.4
89.1462805791313,0.15837328433073555,18.593272171253822,4.99,2.5,7.31
91.47442326980942,0.15081806370485412,22.08105147864184,7.17,3.12,6.87
93.75186846038864,0.1491685870938405,21.02957283680175,7.79,3.95,7.38
91.91871337738438,0.12952066028246548,20.28526148969889,6.32,3.49,7.4
91.54209088651602,0.15584452257427445,21.29032258064516,5.59,3.79,3.68
92.47269116186693,0.1346235635521821,21.962673088500903,3.9400000000000004,1.5499999999999998,3.67
86.8821481849826,0.15845321295486284,13.365461847389557,6.72,3.63,2.88
93.90393013100436,0.14329353164931027,22.75115919629057,1.4100000000000001,3.1900000000000004,6.14
95.29718327335897,0.14158998336277842,17.691056910569106,1.5899999999999999,3.4000000000000004,6.67
91.81569115815692,0.1348551331616129,22.20820189274448,5.01,3.05,6.59
91.04067881207887,0.1512986707278803,20.490928495197437,6.28,4.59,3.42
90.17237072195853,0.14196977379907708,23.925233644859812,7.56,3.19,2.46
93.97427893619677,0.15133690133665473,13.49189189189189,3.47,3.54,3.59
88.39734767921931,0.15300139542183955,20.17008504252126,3.5,4.01,3.41
87.00112037843894,0.147597236475813,24.65331278890601,1.9100000000000001,2.58,3.49
92.8183403937204,0.1488006712260179,18.2126809785322,5.08,3.37,6.22
92.80677712719572,0.14536432695866006,21.874676333505956,5.08,3.47,3.74
89.11291328758577,0.144913632667819,15.06726457399103,6.42,3.62,7.78
88.19872675071777,0.14103123735373274,15.776499589153657,4.27,5.45,3.71
93.57618389649542,0.14075580714069685,17.906735751295336,6.99,3.79,3.83
92.80677712719572,0.14835070597264566,24.072216649949848,3.65,3.49,4.05
91.72430952973376,0.13878406171482732,19.123505976095615,6.99,4.5,7.12
92.14848143982002,0.14341767361760482,16.37732062217762,6.68,4.37,7.96
89.80221420574698,0.15447264019156257,22.235649546827798,3.31,4.45,6.23
93.81029540072292,0.1505978572174613,17.39305485656769,3.96,5.71,3.06
91.46295599849567,0.1488047423507976,19.7327852004111,3.29,2.79,8.49
97.76113815050543,0.1250458207675946,16.39377197388247,4.83,5.74,4.56
90.53232410969102,0.15416642295843083,26.83149690943295,4.44,5.58,3.12
89.57935227695744,0.1514864617019299,20.263852242744065,2.4400000000000004,2.5,7.53
87.69983686786297,0.16473828497438894,18.930980799169696,4.85,4.64,5.04
90.09359790340696,0.16251840408505822,31.784790481117433,8.1,4.01,1.92
92.95732468180684,0.14438453954581698,37.80863418328705,1.8499999999999996,3.04,3.96
91.46295599849567,0.14473815041274724,33.982300884955755,7.1,4.12,3.03
92.73745798580855,0.1416962787979674,33.09505703422053,1.92,3.9699999999999998,3.0
91.13165126155384,0.16721955432872115,31.64563481843935,1.9500000000000002,2.01,6.04
95.21853475266123,0.11546322810005963,37.969000534473544,2.0300000000000002,2.96,3.0
88.89110143123834,0.1653838232219732,4.288107202680067,1.92,1.9400000000000004,7.06
94.67314157639147,0.1375679243854882,40.29380902413431,2.0,3.01,7.04
91.67868689380751,0.15081059110546785,31.974214343271555,6.99,4.0,7.08
90.59104028108922,0.163472351771882,23.249243188698287,1.9100000000000001,1.96,8.06
96.22854278912416,0.13831741670401407,25.01002004008016,1.9699999999999998,1.9100000000000001,2.97
94.75573280159522,0.14533097040929066,35.86067642604745,6.99,4.05,5.0
93.67019290603609,0.13365622838778327,30.991172761664565,8.0,2.96,1.94
95.45115585384042,0.14490205811275594,38.18459969403366,1.9100000000000001,3.9699999999999998,4.97
94.56716417910447,0.1384969486282184,39.536679536679536,7.99,3.01,1.0
95.51050864320358,0.14499332807252505,36.37995512341062,3.03,5.04,3.95
90.17237072195853,0.16282954856329693,15.515151515151516,7.12,2.05,3.0
90.79143852663016,0.14770419080773434,31.156186612576064,7.03,3.06,5.03
91.95310551259666,0.15672526663689598,9.193934557063049,2.01,2.96,6.03
90.75755691006344,0.16247935624252746,22.09205020920502,0.9399999999999995,2.9400000000000004,2.05
90.16110902959909,0.17254599877614474,32.459016393442624,3.12,5.99,6.06
90.57728119180634,0.1562248941049046,32.23504721930745,3.05,2.03,1.0
95.28535980148884,0.1328768226591831,42.58064516129032,3.01,3.04,5.03
89.77987812461137,0.15419890840929512,30.773854244928625,1.97,7.03,1.0
93.44706472654289,0.14673565709711542,36.152671755725194,2.99,3.03,1.99
91.74713787954207,0.16250859425307002,31.825951825951826,2.0,4.04,3.13
92.49565433325056,0.1571993293823251,21.62826420890937,6.09,3.04,1.96
92.98052920619071,0.14612688785741287,26.7595818815331,2.05,2.0,3.01
92.11394302848576,0.1556558119415346,41.310983237428076,7.09,2.94,1.0
93.16658329164582,0.1472603521955171,30.097297297297295,3.09,6.08,5.04
89.73991707500943,0.1731961480202746,35.78841309823678,2.04,1.9699999999999998,5.03
88.64838029043068,0.1642595340867188,38.45916795069338,4.96,7.09,8.05
88.81372792837603,0.1685186375914404,32.8618172665492,4.97,7.08,6.99
92.78365923527214,0.15231640546722244,35.184525324510055,4.01,7.13,7.06
96.65794392523365,0.1260376406878508,38.3803177857509,3.99,0.9499999999999993,8.09
93.43761638733706,0.1532462318928823,33.70955605718586,0.9000000000000004,0.0,7.0
93.36806847785634,0.1523930504039997,36.480000000000004,3.95,1.96,7.12
91.75855631611698,0.14593264059561953,39.73750630994447,3.9699999999999998,1.9000000000000004,7.03
90.31902915050668,0.15841031558267304,41.887366818873666,1.9900000000000002,1.9900000000000002,7.05
91.96457527753523,0.15194255897813552,28.828828828828833,1.9900000000000002,1.9699999999999998,6.03
88.53025936599424,0.15564005013468515,6.687953555878084,1.4000000000000004,2.2199999999999998,7.86
87.37092136517064,0.1670103870880566,6.499661475964794,3.96,2.49,5.65
91.50800546108974,0.1550213936086977,10.6184012066365,0.8499999999999996,2.04,7.33
92.56497175141243,0.15171835577481743,19.250958419345327,2.1799999999999997,0.7699999999999996,5.0
89.1462805791313,0.1582489168036948,12.946058091286305,4.41,7.72,5.62
87.32725228039484,0.17057985837884246,26.890756302521005,1.5999999999999996,1.7400000000000002,5.94
92.87619997506546,0.14854708390868424,8.246241947029349,3.96,3.96,5.04
86.93618609279761,0.1554159564238983,12.442671984047855,0.17999999999999972,2.5999999999999996,6.31
91.96457527753523,0.14842034402497137,3.6363636363636362,0.22000000000000064,1.7599999999999998,6.35
88.01195814648729,0.1716582036751257,19.5028067361668,4.97,3.6,6.94
88.0997506234414,0.14928697460648524,9.360146252285192,8.41,5.0,5.12
91.96457527753523,0.1651978741253741,29.015112037519543,0.5299999999999994,2.46,4.01
89.079570965328,0.15426260215678325,25.02606882168926,1.0999999999999996,3.91,3.9
89.49254479388549,0.14883685595209276,9.27536231884058,6.88,4.97,5.12
91.46259769259397,0.15462802809780354,10.851289297068174,0.6699999999999999,3.96,5.17
89.01296111665005,0.1537064715039355,18.405650857719476,4.21,5.06,5.0
88.1327179743046,0.1665968745825801,21.534828807556078,6.67,4.77,5.04
88.30896137982752,0.15859923441301346,3.424494649227111,7.21,4.03,5.44
89.94767007226514,0.1615463172566485,19.854014598540147,3.96,2.7199999999999998,5.04
88.06451612903226,0.14646341532062523,28.18746470920384,6.74,4.21,6.44
88.1437125748503,0.16997395968716275,10.4036846383094,4.68,6.41,6.27
84.48,0.1689594707334174,0.0,4.23,5.79,1.19
90.11609037573336,0.15426832719392827,13.024307518371963,3.59,3.68,3.44
86.78504905004347,0.16831180079367175,38.22358346094946,4.15,4.56,3.35
89.03515332834704,0.1540797841411499,14.634146341463415,3.72,3.9,3.5
90.16110902959909,0.1464955681271327,36.17107942973524,4.99,4.99,5.04
90.70114370959722,0.14237508458904677,9.510181618051734,4.46,4.59,6.65
86.045064110544,0.1581505983235487,34.5082376435347,5.04,4.96,5.04
90.65606361829026,0.1531714112914523,26.437177280550774,2.78,2.99,3.62
90.08235587721488,0.1586416698407816,0.0,1.4,3.13,1.21
88.05583250249252,0.17322387147121943,31.659574468085104,1.45,6.6,1.45
88.40840840840842,0.15974030271689885,11.952461799660442,2.67,0.7699999999999996,8.23
88.84687150143053,0.16324827703481534,11.66109930154874,4.44,6.44,5.94
86.1952861952862,0.1646527494039645,9.360780065005416,3.95,2.17,5.92
85.97014925373135,0.16591627950733331,30.91320754716981,3.62,6.67,6.74
94.72031892363273,0.14589959249495826,19.433198380566804,1.21,7.94,3.03
88.26483447845096,0.16644513479176654,20.12478163214375,5.06,3.31,3.21
90.10484273589616,0.15407573632670138,14.537587885343427,4.72,4.69,5.65
89.09068230011226,0.16278165509193826,19.7327852004111,5.05,3.46,3.45
86.33524856357732,0.15972656244103042,34.57728864432216,3.13,5.03,4.95
89.38055312226255,0.15089633940227523,21.41263940520446,5.05,4.04,3.01
82.09819763828465,0.17322268680617,43.482637141419225,1.92,2.8600000000000003,5.0
85.36530535781192,0.16631244404503737,22.758620689655174,1.92,1.8600000000000003,7.09
85.6648702844968,0.15718689060913993,15.528596187175044,3.01,3.0300000000000002,5.03
89.01296111665005,0.16354912635346133,17.681473456121342,4.99,4.96,3.94
85.48274137068535,0.156657206728347,21.409021794221996,1.96,2.8099999999999996,6.13
83.65594090396895,0.17279436341719062,16.40388349514563,3.92,3.99,3.9
86.29213483146067,0.15445145430235066,48.959999999999994,6.15,5.0,5.03
84.93041749502981,0.1477725145699511,17.567276641550052,5.96,4.05,4.04
88.63737900223381,0.14727520135185446,13.751119068934646,3.94,3.96,3.99
86.13084112149532,0.14773339034353686,37.74193548387097,1.88,1.9000000000000004,7.14
84.90931677018634,0.1495628873834053,17.787465940054496,1.92,2.01,7.09
85.70783699059562,0.1693572695068123,39.23249439322203,0.8499999999999996,1.96,8.17
87.098703888335,0.1623698223765124,16.425297891842348,2.0,2.87,7.12
86.05577689243029,0.1541671554359119,47.146078677023304,2.79,2.99,4.99
84.25882059593567,0.14296574107267865,22.980251346499102,4.05,4.0,3.87
88.00099638809316,0.13967876500114768,38.1651376146789,2.9699999999999998,2.96,5.03
84.99378264113405,0.1491829080680879,18.954703832752614,4.9,4.97,4.96
85.52552552552552,0.13726968037406093,50.552922590837284,3.97,4.03,3.94
87.86966795174729,0.14626312449914522,31.441048034934497,5.12,4.97,5.0
90.25128141017626,0.1499003590410497,50.95643465197797,4.04,4.01,4.12
86.99029126213591,0.1628387844430717,9.078014184397164,3.99,4.0,3.97
90.6785980611484,0.15772361718340377,45.06122448979592,5.0,4.97,3.09
82.52905160564788,0.16840172297272785,12.025052192066807,4.03,5.01,6.08
83.04250559284117,0.15418836583104975,20.263852242744065,5.04,4.04,5.04
85.50412809607205,0.14055945041864507,52.390096008084896,4.1,4.1,4.03
93.46082205389295,0.14898623696155675,8.29971181556196,3.96,3.95,4.97
84.83554672955195,0.17300481684491725,20.353356890459366,2.96,7.08,2.96
86.06649234217407,0.15216023490936656,18.92661555312158,3.99,4.15,3.0
86.9762174405436,0.16140981293797974,14.690130068859986,4.04,6.06,3.96
86.63825520180497,0.16173661800407188,40.431432973805855,2.9400000000000004,2.9400000000000004,5.03
86.55146506386176,0.15447252879647494,46.93439760538788,3.1,5.97,3.06
87.3490813648294,0.14653535980500607,48.48234990981706,3.08,4.06,2.96
88.83582089552239,0.17764151974120562,2.178723404255319,3.9400000000000004,2.9000000000000004,4.01
88.85311871227364,0.16046168328677543,16.868217054263564,3.01,6.03,2.96
86.43241215455797,0.14940093549865818,43.35173105870547,3.08,7.05,6.95
85.97014925373135,0.14954811127796153,9.067296340023614,2.99,6.09,2.97
85.00435269245119,0.17839899340418974,15.49949545913219,2.92,6.09,1.99
87.95717664633388,0.14936836869597692,47.1578947368421,3.17,6.1,4.03
90.96122677970328,0.13821794395192608,36.626506024096386,3.96,3.99,4.04
86.0772104607721,0.17330050339579992,38.680433140266935,1.0899999999999999,2.8499999999999996,6.67
91.00661095172758,0.15716547082298232,12.834224598930481,3.55,5.76,6.64
90.05988023952096,0.16376304141702952,39.28388746803069,5.86,4.45,5.82
90.19490254872564,0.14745861727518228,24.986985944820404,1.9900000000000002,3.09,6.01
80.03970223325062,0.17685027430680533,32.69722013523666,1.7599999999999998,2.7699999999999996,8.13
85.68634825122226,0.1700029804196778,38.30179028132992,1.9000000000000004,3.0,6.82
90.46616541353383,0.16700621853811673,8.641350210970463,0.03999999999999915,1.42,4.95
84.93041749502981,0.16818403306096646,3.4103019538188275,5.68,4.05,6.05
91.5762017140728,0.15330318455146033,7.014613778705637,1.4400000000000004,2.79,7.59
86.46484863647736,0.16940130299500156,24.20168067226891,3.0599999999999996,3.0,6.14
90.79143852663016,0.171217697746586,12.094488188976378,0.009999999999999787,1.8600000000000003,7.09
89.86928918212374,0.1611783634383208,5.278350515463917,5.37,4.37,3.95
87.89152879711406,0.17014414728790705,0.0,6.72,3.64,4.67
86.67084639498432,0.1672260082065535,5.86438607208308,8.81,4.91,5.9
85.06482064191316,0.1696980421643407,16.551724137931036,5.31,2.88,3.85
92.7259148618372,0.16509672756453672,37.09201830198271,3.85,2.83,2.99
82.29254921505108,0.17714342948656692,33.511293634496916,4.95,3.96,4.22
87.98690671031096,0.17362327981512102,15.933609958506224,7.31,3.44,5.18
85.12079701120797,0.1625475669470467,18.640776699029125,1.1799999999999997,3.8099999999999996,6.01
84.99378264113405,0.16838518158814267,31.54813863928113,5.58,3.26,3.76
86.34603372891942,0.16769038267315353,37.33879222108496,2.97,5.22,2.85
86.78504905004347,0.17536867266516765,16.05015673981191,4.24,2.96,4.04
88.84687150143053,0.15403956621228218,12.958380202474691,2.87,4.24,3.21
94.69552088575742,0.1434856856453297,9.72644376899696,6.82,2.03,6.05
84.2063294293546,0.17660067487434392,14.584915897992405,1.92,4.01,3.17
90.57728119180634,0.15642627694964004,8.183271177410761,4.95,1.68,5.1
90.13859408165813,0.15631472972399146,13.568904593639576,4.94,2.97,5.05
87.70605759682225,0.16679078680208015,15.005861664712778,4.31,3.87,4.5
93.60029847033951,0.15058435271564263,39.918864097363084,3.94,2.97,5.04
90.02618780396558,0.16565379882063078,24.087820177731313,2.64,5.04,3.18
86.80660787479816,0.17267833561125842,13.55692850838482,4.15,5.49,3.6
88.67469879518073,0.17140327326697005,4.012539184952978,3.04,1.5300000000000002,9.0
87.3490813648294,0.1676644227866332,11.315296008572194,4.94,5.73,5.03
82.33358264771879,0.17907683123243007,39.79777553083923,3.91,5.95,5.04
84.07015797984823,0.15971408515160868,7.452176323814804,1.38,5.97,5.97
92.53012048192771,0.1531424222152659,7.366401753905179,2.17,6.18,4.26
85.90604026845637,0.16680414251991932,5.865580448065174,2.92,6.26,4.78
88.0997506234414,0.17597403639993495,40.70671378091873,1.91,5.46,2.97
93.60029847033951,0.1306727220692718,13.204951856946355,2.17,6.21,6.21
88.06680792720927,0.16267585774075558,33.69265480070193,3.2199999999999998,2.8499999999999996,7.04
85.07841672890217,0.17248743369445968,39.04066736183524,6.27,4.03,7.41
86.93618609279761,0.1617433207009638,20.77360021639167,5.67,3.86,6.03
93.01535772256213,0.1467895809567528,7.352297592997811,1.5899999999999999,3.79,7.45
88.96860986547085,0.16756008946672726,31.653786707882535,1.3499999999999996,2.4699999999999998,8.27
88.20973782771536,0.1644857552595985,35.93323216995447,1.5899999999999999,2.5999999999999996,7.55
86.30290922711949,0.1728723212952376,35.86972986619541,3.6799999999999997,3.62,5.27
91.86145028656864,0.14793757975854208,24.464831804281346,6.37,4.72,5.13
87.13128038897894,0.16248535267128522,28.220983274201725,2.74,2.8600000000000003,7.54
86.92537313432835,0.15061247095538857,37.559845559845556,1.96,2.58,8.31
88.83582089552239,0.16303125770102506,31.523858388917393,6.53,1.29,8.41
90.80273802115744,0.16639584052631795,25.88511137162954,7.32,2.74,6.86
88.22075165438882,0.1601391168030861,37.50563486100676,5.04,1.01,7.46
89.1462805791313,0.17418846488572953,24.819027921406413,8.42,1.82,6.01
83.3949076385422,0.16765837395912375,33.86243386243386,1.04,3.96,7.32
85.39730134932533,0.16290597647297814,41.48743718592965,6.92,1.06,5.95
90.63653483992468,0.16246841261279804,16.920684292379473,4.35,1.23,4.41
90.70114370959722,0.17211945125758424,10.693069306930694,8.32,3.19,6.19
94.06824146981627,0.16196980599005284,21.256573484638803,7.95,2.96,8.33
87.33816545863534,0.17138965172413353,24.973985431841832,5.54,2.6,6.4
93.57618389649542,0.16137787025688693,24.595676541232987,6.0,1.05,5.12
90.62228294621787,0.15927567379052768,38.62207694241891,3.27,2.41,1.58
90.05988023952096,0.17061389165026786,0.0,6.15,1.17,6.01
93.11999999999999,0.15299070345379925,18.774805867126833,3.72,2.73,6.35
94.30397193334169,0.15847847363761539,35.54665999499625,2.88,1.06,6.44
91.85000622897721,0.16564131282548475,36.0792280345353,5.01,1.72,6.14
89.25768557860535,0.17509400818738258,30.182555780933065,5.49,1.01,5.81
87.3054341036852,0.17860906725056783,5.289256198347108,2.28,7.2,1.36
89.24653255029365,0.16972462535357258,33.93813361060567,4.26,1.13,4.94
93.74019180470793,0.16337109077550976,24.193548387096776,2.32,2.83,2.4
92.49565433325056,0.16073012365614847,11.932877563704164,4.58,4.96,3.83
90.17237072195853,0.16529519763358527,22.622950819672134,1.83,3.78,2.33
90.46616541353383,0.16436090866451045,8.341026337225088,3.99,2.17,6.1
86.76350093109869,0.1775692702651925,31.855203619909503,3.3600000000000003,2.6399999999999997,5.86
88.04485981308412,0.18210107845007567,38.680433140266935,4.88,4.95,4.94
94.08,0.1538697356258573,4.9063032367972745,1.23,8.1,4.94
88.44160720991364,0.16973202855838807,23.49561053471668,3.62,6.36,5.97
92.85304748847065,0.16652718339202535,21.642512077294686,1.47,8.12,2.09
90.08235587721488,0.15118509785951711,39.225806451612904,1.35,7.45,1.19
92.82990654205608,0.15363270007978144,8.284789644012944,1.0,8.7,1.14
89.38055312226255,0.17363482520287354,34.49101796407186,4.95,2.9,3.69
83.16654219566841,0.14125630359067964,17.224274406332455,1.9100000000000001,1.9000000000000004,7.24
90.65929925907322,0.13816377472420055,17.060833902939166,2.91,1.8600000000000003,5.24
91.70149253731343,0.1434627593272975,16.116396194739785,1.67,1.67,7.12
85.42932133483313,0.12069621422289091,27.15557883708748,2.1399999999999997,0.0,6.15
86.15231210270473,0.13421724989819805,17.695852534562214,4.01,8.21,2.97
86.45403377110695,0.1360524438208225,14.65648854961832,2.3499999999999996,1.92,6.09
84.2063294293546,0.14411391245008348,6.552901023890785,2.2300000000000004,1.9900000000000002,6.64
87.695171900211,0.14237025447491888,9.315363881401618,3.9000000000000004,2.9000000000000004,3.28
86.8389662027833,0.15304582427217509,14.069615283957079,1.0499999999999998,0.2599999999999998,8.03
88.84687150143053,0.12023350009414839,15.847619047619046,4.06,6.96,3.91
89.13515537251966,0.11688912688842416,7.8826979472140755,1.2199999999999998,3.91,7.13
87.17475364849695,0.12730244995063672,11.993753253513795,2.1399999999999997,2.0999999999999996,4.88
93.00374531835206,0.13767595720168135,10.971428571428572,1.0099999999999998,2.09,8.01
86.46484863647736,0.12454113791351519,14.563843236409607,0.8499999999999996,3.8099999999999996,8.27
86.42160540135035,0.1492585116454372,4.01673640167364,1.92,3.05,6.19
86.045064110544,0.1479504120430476,24.346943951306113,5.04,3.05,3.79
86.59483838636933,0.11998198448550618,7.169529499626587,4.86,2.87,5.05
86.78504905004347,0.13858009158979157,13.678756476683937,1.6500000000000004,3.87,7.95
86.92152917505031,0.13458433665490016,24.144869215291752,1.9699999999999998,2.12,6.21
88.25380964276792,0.13422353392360376,20.12578616352201,1.6500000000000004,2.09,7.94
83.88233833933225,0.1335201004920988,18.23746701846966,2.13,4.88,1.96
91.64677804295943,0.1104133047320028,9.243466299862447,3.33,3.17,3.33
86.32446609216935,0.14278553454698434,8.75601722827464,1.74,3.15,2.01
86.0772104607721,0.12573448372414206,7.657028913260219,2.79,4.86,3.05
87.20738707262291,0.12719569992759322,8.940628637951106,2.78,5.1,2.68
87.13128038897894,0.13457376641363053,8.165869218500797,2.92,3.8600000000000003,5.24
87.44744744744744,0.14952739966365225,11.40388768898488,3.95,3.99,6.22
84.08759124087592,0.14456421293624985,12.327447833065811,5.04,3.03,2.91
86.5081351689612,0.14013116306751444,18.63013698630137,1.67,5.21,1.92
89.15740856322556,0.12239274867700642,8.122686409307246,3.36,7.18,7.27
86.17379379129784,0.14078804098733014,16.152551878855864,3.18,7.37,3.03
83.86594703150496,0.13895698256041525,16.531365313653136,1.86,6.95,2.01
84.75545522949587,0.12784966332873765,14.795494961470064,1.9,7.97,1.9
84.33241826803095,0.14939135185831934,16.807415036045313,4.87,8.24,1.97
88.69241276542903,0.11898672861177609,14.545454545454545,1.22,8.9,2.88
87.84781797836628,0.1353323224807375,15.652173913043478,2.82,7.14,3.88
87.19650655021833,0.13095998530650227,18.762214983713356,1.0,7.96,1.85
86.8497576736672,0.142591291951591,13.81294964028777,2.85,6.86,3.1
85.03607862652402,0.13714680434611887,16.1854583772392,3.18,7.17,2.88
87.6558384547849,0.14563334740931277,13.829531812725088,2.1900000000000004,0.27999999999999936,6.94
86.045064110544,0.17413118716601703,27.805243445692884,2.8499999999999996,0.9100000000000001,5.01
94.96877341993505,0.15444285789561063,19.083379348426284,4.03,7.51,8.09
93.21321321321321,0.14972925750165894,24.12060301507538,0.0,1.9400000000000004,5.09
90.91588785046729,0.16760102459499124,26.42201834862385,1.92,1.9900000000000002,6.05
95.34450651769087,0.14241643228766432,11.645185746777862,3.99,1.0300000000000002,8.01
88.63737900223381,0.16724443009844925,22.08709942481512,4.46,6.97,7.1
91.08614232209739,0.15718986718477712,25.196850393700785,2.99,8.03,8.08
88.1327179743046,0.17548692721511003,29.553617239610055,1.0099999999999998,1.9699999999999998,7.03
91.65589259075087,0.15949158902315122,16.505689001264223,1.9400000000000004,2.01,6.04
88.63737900223381,0.16510781765878463,22.925373134328357,4.01,9.0,7.05
89.88047808764941,0.16378370840253212,25.8006718924972,1.96,2.9400000000000004,4.04
88.27586206896552,0.17220663410613146,16.96969696969697,5.08,3.08,6.08
90.03741581441757,0.15654821022015114,15.082482325216025,0.0,1.9400000000000004,4.06
88.04485981308412,0.1749664208494148,37.961977186311785,1.0300000000000002,3.96,6.1
97.34808002982479,0.1393464947468089,11.864057672502573,4.94,1.55,7.03
91.85000622897721,0.16056607954754595,11.483253588516748,5.0,1.0,1.0
86.99029126213591,0.17455179290710246,17.5609756097561,3.01,3.9699999999999998,3.04
91.2912912912913,0.16017777898167204,23.034241439640088,1.0599999999999996,3.01,3.03
89.86928918212374,0.17548147789062155,17.641653905053598,0.4900000000000002,3.0300000000000002,6.01
90.38687867785151,0.16771226911189782,18.54077253218884,1.4000000000000004,2.9400000000000004,4.99
93.98601398601399,0.15635360085804073,18.321639068200955,2.0,6.0,1.95
90.54355919583023,0.1512904458896402,26.652956298200515,4.01,4.96,2.99
92.56461232604373,0.15696699864021965,35.48254620123203,1.0,5.99,1.0
95.80838323353294,0.14338319369568736,5.182186234817814,2.97,4.04,1.91
91.35987978963185,0.15888328156437612,17.74877650897227,3.97,6.04,5.09
89.15740856322556,0.1653578352402832,6.227027027027027,5.04,4.0,7.01
95.6175298804781,0.1416450849063426,28.951997989444585,3.5300000000000002,2.92,2.0
87.73873090773625,0.16876057943731704,31.265729089563287,1.92,0.9900000000000002,4.03
84.8882265275708,0.17112759595949106,8.561872909698996,4.04,7.04,1.99
90.5997764808146,0.15793276680169915,25.250379362670714,3.05,7.06,1.99
86.41080135016877,0.1794262434130747,22.15810732833237,1.97,9.0,1.0
86.8497576736672,0.1706772658102488,28.317092441401105,4.05,9.0,6.01
91.79282868525895,0.1674253362496727,22.404870624048705,4.55,7.01,8.04
89.89166977960403,0.16830784561334902,22.196531791907514,2.92,8.99,9.0
93.72851805728519,0.15559819535522576,19.311805187930123,1.0,9.0,1.0
90.04864662591991,0.1742187214529003,18.640776699029125,2.54,8.01,9.0
93.47242921013412,0.14889285468978478,24.678663239074552,1.0,8.97,1.0
87.77142857142857,0.1818436766831894,24.543275632490012,1.0,9.0,1.0
91.66728832525177,0.15382312524360794,21.739577972207925,1.97,9.0,1.99
90.50018804061678,0.16493719882542573,23.401662049861496,4.08,9.0,7.03
103.88682055100521,0.11440800861106254,18.276553106212425,0.7799999999999994,1.2199999999999998,4.0
93.40020060180541,0.1439308639320935,22.636655948553056,2.95,1.0999999999999996,5.06
95.54615576013934,0.12180877607827566,22.17980914113511,1.5,2.3200000000000003,7.14
104.21013320054774,0.11745956848003752,22.06896551724138,1.62,2.2800000000000002,6.18
93.65853658536585,0.13948214028522046,28.626198083067095,3.99,7.06,7.99
96.66999002991027,0.12492492353781658,22.06896551724138,1.8099999999999996,2.17,6.55
94.56716417910447,0.14066564686514252,19.66576819407008,2.1500000000000004,3.4699999999999998,6.18
97.77333999001497,0.13305389795548855,20.586907449209935,2.0,2.79,7.18
97.00850425212606,0.13956415950913745,20.046403712296986,1.3099999999999996,1.5599999999999996,8.42
91.610337972167,0.14163710341810207,26.31704410011919,1.88,8.03,7.09
94.35591958302308,0.14684367522475184,33.40839303991812,8.03,4.26,5.73
101.09063557728469,0.10777128451566523,29.75206611570248,7.63,2.6,5.08
94.90949943827238,0.14436181274083926,19.33227344992051,6.79,3.19,3.88
101.3167392657125,0.11028418764896716,25.586878523833935,8.03,4.36,7.99
101.06517690875233,0.123789536755611,23.6973437080762,7.08,3.37,5.14
97.62711864406779,0.12381839140962193,19.472616632860042,3.96,2.35,3.65
99.13367258284723,0.12032048360070884,10.786516853932584,6.06,3.32,6.28
95.17085993240705,0.14132670111585324,22.95218295218295,8.09,3.15,5.08
97.33598409542743,0.13066178611345414,30.87136929460581,1.4500000000000002,3.08,6.06
103.48596381784155,0.11488896918324182,24.947526236881558,1.67,2.37,3.27
100.09930486593844,0.12910167472887582,39.67741935483871,1.03,6.09,1.94
106.97176968038801,0.09630277693675572,22.247972190034762,4.1,3.14,3.01
94.95691270138629,0.1278781686724291,8.183271177410761,2.41,5.95,2.69
100.41090773253643,0.12875730611328826,22.916450441100157,2.36,6.19,2.45
97.21518987341773,0.11592972894256277,17.953246753246752,3.87,3.09,3.06
99.24453280318092,0.1205755608418173,28.848080133555925,3.28,2.32,4.0
96.86313686313686,0.1215704527931908,24.239202657807308,5.81,3.09,3.97
100.18635855385762,0.11893698356135264,11.49075081610446,2.53,2.96,2.1
99.41747572815534,0.12400421233867169,30.936555891238672,2.92,5.96,3.24
98.79355563881604,0.12522715803982556,23.035993740219094,1.1,5.94,3.14
102.3234964512514,0.11443581974658269,19.00990099009901,3.26,6.49,6.27
98.12852311161217,0.13240153432489205,31.919395465994963,1.99,6.95,7.01
96.46561372963562,0.13727166879162633,20.902021772939346,3.18,5.83,3.81
98.88000000000001,0.12633159610901956,21.66577109081139,2.5,6.08,2.73
98.31469052945563,0.12584712275722865,23.252595155709344,2.68,6.17,3.68
105.20547945205479,0.1057747559944329,17.326565143824027,2.01,6.21,6.13
95.9640134949394,0.12931259345543988,15.875968992248062,3.47,5.96,4.04
100.24863252113377,0.11380022867189962,25.451532725766363,2.26,5.77,3.23
103.73186593296649,0.1136618860851011,21.694915254237287,2.3499999999999996,1.9400000000000004,7.78
101.2789251057477,0.12274307452550019,21.747572815533978,2.3200000000000003,2.1399999999999997,6.0
100.49850448654038,0.13687451140947596,44.337349397590366,0.09999999999999964,3.1399999999999997,7.26
96.12015018773467,0.13606988883819043,29.76,5.04,4.06,5.03
93.41442224152911,0.15243774899622795,41.6969696969697,8.04,5.0,7.06
102.06619859578737,0.1172995303765618,35.62688064192577,8.04,3.96,6.04
100.23617153511498,0.13015049735928205,46.06431852986218,0.0,1.8499999999999996,9.0
100.0868809730669,0.13171273775796483,28.849740932642487,0.0,3.87,8.01
99.13367258284723,0.10707004628077406,49.30513595166163,5.04,3.06,5.95
94.09176147018377,0.1438975581002446,41.988071570576544,0.0,3.96,9.0
100.85042521260631,0.12053396897619441,44.19437340153453,0.0,3.9400000000000004,6.99
101.05263157894737,0.11063790448005645,28.437180796731358,4.99,5.04,7.06
96.39368708835592,0.14063835930291543,43.460764587525155,0.009999999999999787,3.99,7.26
95.8203368683718,0.1515640101406725,44.56104944500505,7.08,2.99,6.06
99.49177877428998,0.1337112413296782,43.15684315684316,7.06,4.04,6.0
94.209538114908,0.14651696955323587,46.15856777493606,8.15,3.95,7.03
93.5305082639493,0.15332840417220492,29.690721649484534,8.12,4.03,9.0
99.61586430531305,0.12739737927505235,37.97802197802198,4.17,2.95,4.03
98.84293389978758,0.1367489128978353,34.0253164556962,8.1,2.96,7.04
97.33598409542743,0.13134237986282116,43.57034795763994,7.04,4.05,6.96
96.46561372963562,0.14571114630253362,33.6,7.04,3.01,6.08
98.59786028949024,0.13237884644724332,40.25961058412381,1.0300000000000002,3.9400000000000004,7.06
96.2262746557499,0.1358722818156813,41.80404354587869,3.09,3.14,3.13
96.7061463657898,0.1362389580127468,45.598787266296114,4.12,2.04,4.06
99.61586430531305,0.11831647300360212,19.12562257885999,3.05,4.12,2.88
94.42622950819673,0.15330237356250878,41.0337972166998,1.92,6.05,2.92
97.56632208245111,0.13953733036330437,41.887366818873666,2.96,5.04,2.95
96.12015018773467,0.15378723189950622,45.15337423312884,4.96,3.04,2.95
95.85621567648526,0.12818824658485659,45.32395781014565,6.0,4.14,5.17
102.98485224733052,0.09854745948088538,44.940239043824704,4.01,4.97,4.04
97.19106699751862,0.13837291671393354,40.36923076923077,4.05,6.08,4.01
96.58573029510647,0.14379763835697007,42.1136590229312,2.04,6.99,4.03
97.7123612323812,0.13452818714667034,49.79551122194514,2.99,4.01,3.03
97.52074427960774,0.1205775434471085,47.713717693836976,3.97,6.05,3.1
101.79817431536827,0.11911775167398213,45.24590163934427,3.01,4.01,4.13
98.68263473053892,0.12526721279865036,42.62361251261352,3.01,7.13,2.97
98.36359114648099,0.12211616375721446,43.2,3.95,2.09,5.03
98.07937899086015,0.13365590236522767,44.516129032258064,3.96,5.0,4.08
99.44223107569722,0.1310519928594151,43.92475851550585,3.04,5.04,1.9
95.67708982185125,0.12672084519692042,42.7746835443038,2.08,7.03,1.03
100.5737091544026,0.12066576060764521,35.37848605577689,4.0,5.03,2.01
99.71535580524343,0.13182333125818327,45.16516516516516,4.01,7.12,1.04
87.098703888335,0.15423926607720947,13.637747336377474,2.51,5.65,2.9
84.64929859719439,0.1521420543134879,12.933251684017145,2.55,3.9699999999999998,5.04
89.88047808764941,0.15377704364451944,25.111716621253407,2.26,3.17,6.37
86.46484863647736,0.15538204143386172,20.4364023416711,1.9100000000000001,3.33,2.53
83.99701715137957,0.1582646899646337,21.052631578947366,3.49,1.0999999999999996,9.0
90.42084168336673,0.14372058498153212,14.854932301740812,4.99,3.63,5.05
88.82477303817933,0.1390459770476178,17.23336853220697,6.83,2.87,6.17
85.81005586592178,0.17146909931013565,19.855222337125127,3.51,2.88,7.14
86.92537313432835,0.14735304420102677,15.336994508237643,4.18,4.24,4.55
80.68034017008505,0.16784315015502174,21.988547631441957,3.8600000000000003,1.5,9.0
86.57314629258518,0.16081543899925996,15.635179153094462,7.27,4.27,5.04
85.82071020610876,0.15173263487627475,19.041322314049587,5.97,3.9,4.1
87.557003257329,0.17628004899468205,21.70075349838536,3.88,2.14,1.42
84.08061706892262,0.15596069792145914,20.76923076923077,3.64,6.28,2.83
85.84202682563338,0.16449265698318843,22.480042575838212,2.67,5.53,1.0
88.27586206896552,0.15633065173929805,17.638476087543907,4.97,1.0,5.05
85.98084338848115,0.15380389017952606,20.858229223248234,1.21,8.47,1.19
87.3490813648294,0.15963970308672168,14.805467928496318,2.4400000000000004,3.2800000000000002,5.22
81.96574832464631,0.16834151008755188,20.037271710771524,2.86,2.94,3.9
85.74009031610638,0.15858891826010632,23.616236162361623,3.82,5.87,7.63
85.85268910694325,0.16284335849627535,19.3836344314559,4.42,2.0,6.22
85.86335403726709,0.15560243899136583,15.457159286946522,6.79,1.0,5.03
85.83136719235068,0.15028197860252254,19.228843264897346,3.9,3.83,2.77
85.76746494602307,0.16693159734175153,19.88010899182561,2.51,5.38,1.53
80.9435382685069,0.16001511258054074,22.7893175074184,2.47,3.45,2.4
86.9470017417268,0.1665116567289545,16.058546785154206,1.82,6.21,3.36
87.31634182908546,0.15882118719878113,20.837209302325583,2.59,5.49,2.88
84.35346979530703,0.16255867317762893,15.975039001560063,2.85,3.38,3.44
88.80268556508766,0.15767417527546795,14.641586171835282,3.23,2.79,3.09
84.50112528132033,0.1699981127065325,14.222222222222221,6.1,3.68,3.88
89.39173967459325,0.15339998176850866,17.60570555272542,3.88,5.79,5.04
85.81005586592178,0.14737489729110076,18.217228464419478,3.99,0.8800000000000008,4.96
87.6668339187155,0.1488498246006061,20.046403712296986,1.0,3.92,4.96
89.53742008273787,0.16827910356805256,9.534450651769088,1.0,7.53,1.0
86.9470017417268,0.14919267734116703,16.580310880829018,1.0,3.71,4.22
82.72545090180361,0.17171330786746408,15.156081808396124,5.05,3.83,6.17
84.51169188445667,0.15709471815320622,9.696969696969697,2.91,3.5,6.44
77.28661945583302,0.14803564250222292,10.400866738894909,4.27,6.26,7.94
87.79324055666004,0.14461833754819753,19.37436932391524,2.87,3.0300000000000002,8.49
89.00186915887849,0.14138636413539976,19.74293059125964,3.74,3.77,4.05
92.67977108733515,0.15113914555847405,37.12977099236641,4.05,5.96,5.01
90.90456017941689,0.1591945538964971,42.0,1.7400000000000002,1.9699999999999998,5.28
89.1685393258427,0.1740462871365315,33.427638737758436,2.54,3.2199999999999998,5.04
90.85927770859277,0.16329843268183408,22.117388919363687,2.6500000000000004,3.4400000000000004,5.74
90.76884797213238,0.15914382234131627,35.537275064267355,1.9500000000000002,0.8499999999999996,6.12
93.65853658536585,0.1477044603358097,35.734406438631794,2.0999999999999996,3.05,5.37
90.19490254872564,0.16462336630899482,21.507128309572302,1.92,2.4000000000000004,5.87
93.67019290603609,0.15332276711833034,38.0,6.05,4.99,5.0
89.11291328758577,0.1717334546550803,33.78582202111614,2.96,2.87,5.1
91.5989563920984,0.15913805582965565,35.68056253139126,2.91,1.9500000000000002,5.54
94.73212060802392,0.1437222595398405,26.78624813153961,2.9699999999999998,3.33,5.86
95.12323282872512,0.14871587176408604,34.008097165991906,5.96,3.68,5.59
89.63496399304692,0.15733587427152881,37.3109243697479,4.54,5.51,5.08
92.84147557328015,0.1624368800731677,40.40080160320641,2.42,3.1500000000000004,5.59
90.30773079809858,0.15298667906218466,33.391304347826086,5.96,4.06,5.04
94.80299251870323,0.13864920455736157,25.183630640083948,5.92,3.62,5.6
95.04,0.15712223703779338,42.36710130391173,4.12,2.5,5.04
89.1685393258427,0.17352135571526825,24.787520172135558,6.22,3.83,5.49
88.75854355660495,0.162717264701089,20.240963855421686,1.7300000000000004,2.9699999999999998,5.04
92.96892549606889,0.15549736864983876,25.161290322580644,7.03,3.88,5.87
88.30896137982752,0.17190375827433108,34.92776886035313,4.0,4.09,5.24
93.08509309009122,0.14944139516456453,30.382848392036752,3.19,3.82,5.72
92.79798615481434,0.1511654182433001,47.39546599496222,3.62,2.95,5.04
92.88778054862843,0.1533212403291767,29.382585751978894,4.53,4.27,4.5
95.77254021698467,0.15059166757094125,37.684952189229996,6.18,4.0,5.04
92.94572676232065,0.14890652461590764,27.687188019966726,3.73,2.77,5.81
92.13696575856035,0.1682372005658352,18.158287705326032,3.96,3.29,5.04
91.78140171791361,0.16983390469965037,37.29133858267717,5.64,3.78,5.77
90.56603773584906,0.15989418144469303,25.314401622718055,5.54,5.0,5.47
93.55376009944065,0.15991432985004708,25.86994727592267,3.04,5.81,4.59
90.40951784596119,0.16372720543073718,24.870466321243523,4.54,5.69,4.23
92.57611532248043,0.1486679976095238,37.26251276813075,4.04,5.86,5.08
91.88434695912264,0.16664886379526705,39.183673469387756,3.83,5.74,5.55
93.5886595374285,0.1503212586288519,37.4025974025974,4.99,6.38,4.82
87.74962742175857,0.17291971225804617,28.13979706877114,4.17,5.74,5.46
91.54209088651602,0.15365885016696143,30.673989016475286,3.37,6.12,5.31
89.01296111665005,0.17051932663636135,36.675271037687146,3.46,7.03,5.86
96.99637364011504,0.13230600147347132,40.11940298507463,3.6,6.23,5.81
93.13164145518189,0.15505365884441755,36.30045988758303,1.9000000000000004,1.9699999999999998,5.95
88.46375359959936,0.17615611202371134,39.43887775551102,3.96,2.9699999999999998,5.05
92.73962264150943,0.1467155835910595,23.132530120481928,2.67,2.26,5.74
88.69241276542903,0.164129436866401,22.129527991218442,2.13,2.91,6.36
86.8821481849826,0.17235774146396723,31.637487126673534,2.6399999999999997,2.2800000000000002,6.08
88.38628971728797,0.1685521203318343,42.36710130391173,2.3499999999999996,1.0300000000000002,6.73
86.87134866376631,0.17538628177817217,49.13196186653286,2.87,1.2800000000000002,7.54
91.76204251037606,0.14303074531343565,37.856420626895854,2.49,2.96,5.33
90.97256857855362,0.1655636172382461,44.337349397590366,1.67,2.0599999999999996,6.88
93.46082205389295,0.14704225404151014,53.65269461077845,5.0,5.49,5.97
90.0711166562695,0.16302696692672242,24.935064935064936,2.45,2.9699999999999998,5.94
93.83368657274653,0.15602803127383355,26.510886882634097,2.91,1.71,7.31
87.52410770194115,0.16093838938141697,29.9687825182102,2.76,2.4000000000000004,6.03
95.70093457943925,0.140474637494805,52.985449071751134,5.55,4.63,5.04
92.94572676232065,0.16571797467156243,45.57575757575758,7.33,4.09,4.86
91.76997759522031,0.15779393656612056,15.686274509803921,6.62,3.94,6.14
88.15470991890207,0.16348258334787627,50.446663163426166,2.96,3.6500000000000004,5.5
92.69130272489735,0.16830879438460022,22.404870624048705,4.38,4.03,5.73
91.56482861400895,0.16710826862118167,27.970863683662852,1.2599999999999998,3.2300000000000004,7.03
93.25988983475212,0.15643127868962897,42.861491628614914,7.05,3.08,5.97
89.03515332834704,0.15874975867372906,41.07997962302598,1.96,2.17,6.05
93.05021234074444,0.1519464604522895,41.612903225806456,2.76,3.29,5.77
91.81569115815692,0.1619248572068001,46.30066700872242,3.92,4.33,4.4
87.95717664633388,0.17957644159143443,49.62226640159046,5.69,3.97,5.03
88.63737900223381,0.15877349480200795,39.89863152559554,3.71,4.31,4.99
91.72430952973376,0.14074918185309285,29.879518072289155,3.22,6.21,2.81
97.91999999999999,0.12644457580732094,32.59583789704271,4.23,5.6,5.73
98.97897897897899,0.1306530290735409,33.44583560152422,5.44,3.08,5.58
93.98601398601399,0.15198254045133214,23.7648272305312,3.0599999999999996,3.76,5.9
95.6175298804781,0.14547151917342793,42.88324873096447,5.95,4.38,5.41
95.11133350012508,0.14526719551764564,41.80729450190528,4.9,4.22,4.29
95.37380832915203,0.1352451174929546,46.829268292682926,2.96,5.51,3.78
92.02196704942587,0.1580942456908602,42.8991825613079,4.44,6.05,6.97
88.75854355660495,0.1700229802402053,53.20293398533008,4.62,6.73,6.32
92.7605528576765,0.15315860232643755,48.743335872048746,4.56,4.15,6.21
93.9273680269562,0.14230151880137829,45.070422535211264,4.15,3.26,6.28
88.32,0.16055926329527315,48.41996911991765,3.88,1.9400000000000004,6.81
92.46121385130941,0.15062279442803442,25.035105315947842,3.76,2.01,7.08
92.82990654205608,0.16608282718802683,46.95652173913044,4.0,6.24,6.37
90.9952606635071,0.15442769583248847,42.75303643724697,4.51,4.04,5.01
93.36508334377741,0.15863704333968073,43.47915594441585,4.06,4.58,5.64
84.34294271808311,0.17717001102155394,33.7888198757764,5.0,6.06,6.09
93.17823639774859,0.15779613194192113,18.691184424012977,1.5599999999999996,2.55,5.91
92.09093180114914,0.16092248412432017,22.641509433962266,2.54,2.1900000000000004,5.83
91.0975152952928,0.17097579404020927,16.86985172981878,2.1799999999999997,1.96,6.03
88.80268556508766,0.16781234084034202,6.853646098929117,3.2300000000000004,3.4699999999999998,4.05
88.24278756088422,0.16163631740028447,19.065420560747665,1.21,0.3800000000000008,7.96
89.86928918212374,0.16748839223304304,20.96551724137931,1.2699999999999996,2.0999999999999996,5.97
90.7390648567119,0.17432389767106063,20.790471034109366,2.3600000000000003,2.41,5.0
95.67708982185125,0.13771226070342057,13.132694938440494,1.5599999999999996,2.33,6.53
91.23421282981118,0.16573194686470408,13.706754530477761,1.9100000000000001,3.33,5.03
94.86213349968808,0.14392230351368437,23.328050713153726,3.99,1.33,6.78
86.06649234217407,0.17559905681506457,18.560687432867883,3.17,3.37,5.91
92.19457296486183,0.16816213352910106,6.64935064935065,2.74,3.33,3.53
90.93855166396611,0.1675125514687914,10.058207217694994,1.4699999999999998,2.51,5.05
91.94163860830527,0.1582511546377572,18.513896766874645,6.76,3.01,2.05
92.79521674140507,0.15341653322365006,16.10062893081761,5.68,2.73,2.56
91.46259769259397,0.1614666803314829,13.10236220472441,3.24,1.95,2.6
90.56831012420022,0.16993197148116962,18.334217506631298,7.38,3.54,3.29
88.71444541050802,0.17520073965759006,9.1283676703645,1.2300000000000004,2.6500000000000004,5.03
94.05648587853038,0.1442200180803458,17.56990340620234,1.3499999999999996,1.9500000000000002,6.19
92.12545295514182,0.16723708054372505,19.23205342237062,2.87,2.99,4.95
89.63496399304692,0.1714862502697797,24.427480916030536,2.19,3.28,3.08
91.50800546108974,0.15755576137316457,18.18891056004458,5.04,4.87,5.04
95.55804404628593,0.15110132397640294,19.45945945945946,3.77,3.74,2.12
92.87619997506546,0.17724010119114667,23.500611995104038,3.23,4.01,5.83
90.66732943954268,0.17685254211986606,21.42857142857143,2.19,3.81,3.29
93.69351425370347,0.1541409562477719,7.955801104972376,4.95,3.53,2.41
87.51314800901578,0.18242818750307124,16.805251641137854,4.97,2.97,5.04
89.64609462312183,0.17153991566322385,21.378579003181336,6.21,2.08,2.88
90.87059409640055,0.16565006931477244,12.151898734177216,2.82,5.44,4.09
89.97008973080759,0.17703307604134677,11.680608365019012,2.85,2.26,3.76
93.64688316536021,0.167565014078028,15.36,3.9699999999999998,3.12,4.58
93.40020060180541,0.1541396840756122,18.905908096280086,4.96,7.71,6.99
91.04067881207887,0.16694836481386557,14.925041643531372,3.4,7.13,6.24
88.78612716763006,0.17179971486051684,16.793002915451897,4.17,6.53,5.82
91.76997759522031,0.16450875761611436,27.20188902007084,3.21,6.03,6.4
92.82990654205608,0.1728297472852711,19.035029742233974,3.71,5.95,5.54
92.94572676232065,0.16001551439881315,22.102102102102105,3.15,5.53,5.92
89.97008973080759,0.18053415196565759,19.093922651933703,1.62,7.58,5.81
88.58575727181544,0.15998731451098377,13.473684210526315,3.96,3.95,5.04
91.53072625698324,0.16084186218391083,21.601928743637824,4.24,6.33,6.06
89.60158868065037,0.15794304798042916,20.698151950718685,5.76,4.78,3.78
90.84796413896152,0.15214513675316246,25.356576862123614,2.2300000000000004,3.96,3.1
89.01296111665005,0.17721558842848933,41.967213114754095,7.18,4.23,5.69
89.73523927905532,0.16926515869946923,25.695931477516062,1.9500000000000002,3.08,5.46
85.79940417080438,0.1696919618925462,28.339483394833948,0.17999999999999972,0.9399999999999995,7.86
86.8821481849826,0.1619035535998101,41.4665996986439,1.38,3.26,3.18
88.27586206896552,0.1716277866393992,31.21951219512195,3.7300000000000004,1.9900000000000002,5.04
89.88047808764941,0.16658247454115901,31.06471816283925,1.37,3.08,7.85
88.29792551862035,0.17358790979151928,25.288753799392097,0.7799999999999994,1.6900000000000004,5.04
88.94259818731119,0.1747210433101743,27.50132625994695,3.87,2.1900000000000004,4.08
86.37840539865034,0.17286114054381344,31.17990357777214,0.8200000000000003,2.59,7.1
89.33583489681051,0.15336059789987366,34.5082376435347,1.3600000000000003,3.54,6.44
90.01496259351622,0.15648342257748238,34.05980739989863,1.0899999999999999,3.96,7.37
85.82071020610876,0.1650197127440713,32.33684210526316,2.5999999999999996,3.4000000000000004,4.67
90.72370057199701,0.1615736517781491,25.614230127848806,2.6500000000000004,3.74,4.68
90.65606361829026,0.1560922853619462,16.352705410821645,5.03,3.0,2.63
84.99378264113405,0.18325771673886632,27.583376090302718,5.04,4.99,5.04
92.86462228870606,0.14329845663487048,23.04418985270049,1.6500000000000004,2.6399999999999997,3.69
88.68140054631239,0.17010613709683178,25.125408942202835,1.4100000000000001,3.38,6.06
91.32557266241082,0.15164714506022495,25.85189021232522,2.3499999999999996,3.6900000000000004,5.32
91.97604790419162,0.15358651088187983,21.672652642380708,4.97,4.92,5.04
87.88059701492537,0.15600760972181874,30.29585798816568,4.06,5.36,3.78
90.22872140982376,0.16252707451008505,34.008097165991906,2.82,6.31,2.38
92.20610305152576,0.15659514559966337,23.057292969727296,3.0,5.01,2.94
87.15301159745604,0.17681400737749597,31.442155309033282,2.99,5.04,5.04
85.06782825140013,0.17945640658474268,18.678955453149,4.31,3.24,2.26
86.3568215892054,0.175910639108011,35.17557251908397,5.03,3.91,4.95
89.73523927905532,0.1637392711588649,23.78936499741869,5.01,3.26,5.04
91.96457527753523,0.1638336806152947,27.206477732793523,2.44,5.47,2.17
89.079570965328,0.17009730049950714,38.57358111501758,3.49,6.54,2.04
89.15740856322556,0.15628608201436567,17.224274406332455,4.46,6.28,2.73
89.39173967459325,0.16311231145186494,28.206686930091184,2.7199999999999998,3.29,4.23
91.9072550486163,0.14818806353370306,34.40462427745665,4.64,6.01,5.04
86.25982777985773,0.16848153316678113,44.29287863590772,4.74,7.08,4.59
86.90375528475504,0.16627622606041334,33.88804841149773,4.35,7.45,5.04
92.54161490683231,0.15191097929821815,27.001506780512305,4.29,7.49,3.35
89.45891783567134,0.16035004681098367,29.508196721311478,3.01,5.28,3.99
86.25982777985773,0.17560060161930682,43.92475851550585,3.38,5.94,4.49
86.75273088381331,0.1721804410865854,28.939130434782612,4.67,6.13,3.71
90.57967377666247,0.15834234188609128,14.506206152185644,4.94,2.83,4.51
82.50843222985634,0.1397908841680993,17.417289220917823,6.42,4.21,6.13
88.91323291422881,0.11074597977256097,17.554285714285715,1.9500000000000002,2.96,4.06
82.52905160564788,0.1357424895751344,14.481458202388433,4.83,3.35,4.96
80.9925558312655,0.1340967133269362,13.955178679588128,3.95,2.99,5.0
84.76608553869308,0.12861289241873253,16.335791264889394,0.9100000000000001,1.8499999999999996,8.55
82.0472049689441,0.14537109204624446,16.547266361432804,1.08,1.9500000000000002,6.14
85.14200298953662,0.12932083895512989,21.54003059663437,1.9500000000000002,2.42,7.17
84.1958390432291,0.14027660077248277,12.387096774193548,0.1899999999999995,1.9000000000000004,7.13
87.18562874251496,0.14003064430318493,12.569558101472994,0.4399999999999995,2.0,8.6
85.53622825678889,0.13409703861403843,16.0,1.9500000000000002,2.12,8.09
85.57906598222111,0.1421264651396465,14.991634132738426,1.9500000000000002,2.4400000000000004,9.0
81.66124593445083,0.14121559947176357,12.705523033850852,4.63,4.06,3.08
82.97032161927233,0.15533903423971776,19.45945945945946,4.27,6.17,4.83
85.24819156896983,0.12718982740964418,15.32934131736527,0.9000000000000004,1.9000000000000004,6.87
81.14356743318832,0.11800088967595375,18.53083109919571,2.08,3.01,6.0
84.3956043956044,0.13477205806450823,12.610837438423646,3.01,1.9000000000000004,7.09
82.4981264051961,0.1324519939795816,17.916018662519438,5.53,4.01,5.03
82.65298460768363,0.14152156416695152,12.031331592689295,1.0099999999999998,0.7699999999999996,8.05
85.90604026845637,0.13654279351838952,12.819722650231125,1.7400000000000002,2.71,7.72
90.89323533075869,0.1293291939364775,19.0,2.33,6.05,2.83
84.91519035054655,0.12381170105081467,13.858967240421986,4.08,2.91,2.95
84.85661080074487,0.1315654419590782,17.888198757763977,2.09,6.03,4.03
87.62286860581744,0.13026747891888127,12.50814332247557,4.69,6.04,4.01
89.97008973080759,0.13672872809252476,15.94306049822064,2.99,6.01,2.97
82.08799403430275,0.15043977673445136,14.206033010813886,3.97,7.03,3.69
85.81005586592178,0.12342898397135654,11.008600469116498,4.06,3.99,1.99
83.2286995515695,0.15384139269905617,18.910776361529546,4.01,6.08,3.09
86.57314629258518,0.13173194236507216,6.534316505955758,3.04,5.96,4.06
82.01663976157954,0.11178126040426643,22.243285939968406,3.01,6.41,6.06
86.16305160807778,0.13590257373799478,16.721311475409834,3.45,6.56,3.95
81.91743004141047,0.15499452356660906,10.428485214242606,3.96,3.99,7.49
89.39173967459325,0.12159690447851133,22.857142857142858,2.7300000000000004,1.9900000000000002,8.79
85.92739930382893,0.1374426656909624,17.053291536050157,1.9699999999999998,1.96,9.0
85.16321953650635,0.1519400387540104,13.97452560436704,4.06,2.91,2.92
83.6978579481398,0.11346744827547696,14.574898785425102,4.92,2.91,5.94
82.07191350264019,0.15183267152603738,16.721617418351478,2.12,1.79,8.26
82.31306081754735,0.11921138569801078,15.609756097560975,3.04,6.08,1.97
87.79324055666004,0.13627635266506632,8.782719186785261,3.03,6.0,7.03
85.6648702844968,0.13410025644833856,18.885245901639344,2.91,2.2300000000000004,7.29
85.56835252879318,0.15165867056147267,17.160883280757098,3.99,5.77,6.96
97.52988047808765,0.1396672445065509,11.610775151181967,5.05,1.99,5.04
96.39368708835592,0.1290350293903459,19.286280729579698,1.92,1.9500000000000002,6.06
94.62601120099563,0.14650273799341562,15.885273028130172,1.9500000000000002,2.9699999999999998,4.99
89.28,0.15841485211676748,14.937163375224415,1.9400000000000004,3.04,6.13
90.5228840125392,0.15115660783991106,19.41354903943377,1.9000000000000004,1.92,7.04
90.66732943954268,0.14919893728780925,17.77777777777778,4.97,3.0,5.0
93.93909136295557,0.1426086934508417,12.037617554858935,6.03,4.99,5.04
90.33033033033033,0.15551680838073037,20.66182405165456,7.09,5.0,6.03
90.0711166562695,0.14794314873118275,19.576854448126433,0.0,0.9499999999999993,9.0
90.7124207385304,0.1459456289220554,30.99899091826438,4.0,6.06,6.03
92.59912989434432,0.15017094547108986,28.81516587677725,0.9499999999999993,2.9400000000000004,6.08
95.29013660859756,0.1345393308583079,28.535031847133755,4.99,1.0,4.97
95.42743538767395,0.13719550802367764,18.990109318063507,7.01,4.97,6.05
94.99250374812594,0.13703399188519014,9.776520509193777,0.9499999999999993,2.99,6.04
94.5884127183612,0.13975718163415124,36.55310621242485,5.0,1.0,5.04
90.87059409640055,0.14085718750990114,32.26890756302521,6.06,4.05,6.05
93.716847217034,0.13771784387402194,18.2086406743941,5.04,4.04,5.04
89.60158868065037,0.15440071849176634,24.90918526206539,0.9199999999999999,2.92,7.05
90.83665338645417,0.15489863158642703,12.467532467532468,0.0,2.8600000000000003,6.04
93.57618389649542,0.15158237420960186,14.479638009049774,1.92,3.9699999999999998,4.99
91.51936444885798,0.15005910203560674,13.790055248618785,2.97,4.95,6.04
94.40278122671965,0.13915438746543815,35.42051003798155,4.05,4.06,5.04
95.59372666168782,0.13550677090439983,28.960893854748605,2.99,5.03,3.97
93.57702349869452,0.13590088829339914,8.072072072072071,1.96,7.05,4.01
93.46082205389295,0.13976773097609096,15.646100116414436,2.95,4.9,2.96
92.04494382022472,0.15628178591077901,50.526315789473685,5.0,3.0,5.04
91.610337972167,0.1486971185398896,13.773314203730273,1.9400000000000004,3.01,6.04
92.8183403937204,0.1406620367112124,38.058449809402795,4.03,2.01,5.04
92.76295923502768,0.16319570698711902,28.35203780271707,2.0,6.05,4.04
92.80677712719572,0.14219586775746637,27.72563176895307,1.0,7.03,3.04
93.91564761667084,0.14433410356376847,18.683457355466516,2.01,1.96,2.97
90.71626036692636,0.14620092563432996,35.878787878787875,1.99,7.01,4.05
95.84425308873082,0.12585476791692032,24.285352896534278,1.96,7.06,2.94
91.69008829747543,0.14789144005371452,14.444444444444443,3.96,1.9500000000000002,7.05
88.29792551862035,0.15817420084519757,31.823204419889503,1.99,7.08,4.08
96.32186762697131,0.1408992919733769,20.688416641724036,1.96,7.06,7.05
92.59912989434432,0.1572127813223331,36.22641509433962,1.0,6.05,2.05
89.98130375171382,0.15487974403087404,34.88266464799395,1.0,7.05,1.97
89.3134925597099,0.15532105674991806,16.97612732095491,1.0,7.01,4.03
91.93017456359102,0.15442833216453308,18.340874811463046,2.97,1.96,5.04
93.69351425370347,0.1601920383795553,48.35054142533367,1.29,2.4400000000000004,7.71
98.46153846153847,0.12487193834502486,54.06411062225016,0.0,0.0,9.0
94.61423593827774,0.14684460821204115,55.0503018108652,7.09,4.14,7.0
97.43283582089552,0.12949750103563296,52.66832917705736,0.7899999999999991,2.0300000000000002,8.27
94.28034573468621,0.15402662520068008,46.645577628748576,2.0599999999999996,1.9900000000000002,7.05
96.45361850285998,0.15039643221697693,50.513775130305284,5.09,4.97,4.97
91.1886014248219,0.15451827760132741,54.009795303277656,0.0600000000000005,1.1900000000000004,7.99
97.11781645173407,0.14177917433398318,50.057658561042864,7.23,4.95,7.37
97.76113815050543,0.14545496558262416,49.08270676691729,7.03,5.0,7.01
90.85927770859277,0.15470387217843445,53.679480778831746,5.01,2.99,5.06
93.76354802541422,0.1339708207852529,48.86837180286962,7.0,5.0,7.46
90.09359790340696,0.1602775721483654,51.109994977398294,7.0,1.91,7.04
96.45361850285998,0.1356547907965149,50.82917082917083,0.9900000000000002,3.9400000000000004,7.47
98.62111956115199,0.13264364807063306,54.33287824252203,0.9900000000000002,1.9900000000000002,7.85
94.13883677298313,0.13770224551219004,52.21858473936036,7.0,1.96,7.5
95.85621567648526,0.12934952194780233,52.570006222775355,5.15,1.91,5.04
91.81569115815692,0.14051183220699442,51.058705469142,2.86,1.0,3.51
97.06920285320986,0.13294796495270775,51.5240506329114,7.12,4.95,8.03
94.1506129597198,0.13438816232403666,51.511009870918755,0.8499999999999996,3.99,7.82
93.86879521077576,0.1570068838767628,49.71492593053654,3.96,1.0,4.94
92.9109503616862,0.15456113124046975,52.126696832579185,1.91,1.0,7.38
99.35192162773173,0.11743670383704016,47.22298908269545,2.97,1.0,5.06
94.54364585923899,0.13429123443855967,48.76190476190476,4.17,1.97,5.82
96.9721215151894,0.12972123112149891,54.73368342085521,6.53,2.03,6.51
95.25432222500626,0.14213201452100635,48.746733042937144,4.97,1.0,3.96
95.04,0.14218445079285424,52.25148040821468,8.27,5.0,8.32
95.46302050963331,0.14590510464184203,46.14344723995494,5.06,1.05,5.04
97.8343949044586,0.1272241521567492,54.454534146038064,5.04,1.0,5.04
95.42743538767395,0.14189736883131412,54.46808510638298,3.72,1.06,7.15
92.87619997506546,0.1582481802122219,51.814092953523236,3.88,1.19,4.13
96.51362448674878,0.13983787952415216,49.40464177598386,4.86,1.0,4.99
89.62383612662943,0.16374568335185383,50.29722921914358,1.0300000000000002,1.96,8.28
97.42071881606766,0.13868437026577693,51.18068653338363,5.04,1.0,4.94
92.27534418022528,0.1516891282604629,53.373045420699924,2.2800000000000002,2.6500000000000004,6.79
96.76646706586827,0.13790305555646468,46.230248306997744,5.18,1.0,5.0
95.0281214848144,0.15408203856019073,50.35430588828647,4.92,1.0,5.28
96.2262746557499,0.13734535453361096,55.43056246888999,4.31,1.0,4.85
97.30055193176116,0.13714080199854953,54.305917379977664,4.97,1.0,6.05
100.31098395322802,0.11825615813894619,53.25264750378215,5.0,1.0,7.06
95.05188148518566,0.1558113310263987,54.65168539325843,4.88,1.0,3.05
91.19999999999999,0.12876671942512824,47.32989561061502,1.9400000000000004,2.91,8.03
92.98052920619071,0.13958151921248785,47.4372872809782,2.96,2.91,6.97
92.48369292523833,0.13522207510640744,46.5572114170245,0.03999999999999915,1.88,8.96
89.19080919080919,0.13805552017845726,45.45523233849641,2.95,1.9500000000000002,6.05
91.39421270199173,0.13768608740597651,45.12564070508813,1.9400000000000004,3.04,7.03
93.41442224152911,0.1352531687717038,47.41338037041703,3.04,3.01,5.01
92.20610305152576,0.15445303224492102,45.3012048192771,3.04,5.94,5.96
94.93320014983145,0.13417028644945755,49.02741269245212,7.03,4.99,6.04
92.93413173652694,0.12365469668119748,44.87804878048781,1.92,3.99,8.04
87.37092136517064,0.1605272018400766,48.66799204771372,3.99,3.96,6.03
94.59069420253793,0.1324414415503786,46.265060240963855,1.9699999999999998,3.9400000000000004,7.08
91.07477218824117,0.14169658469085986,45.21608417888012,7.04,3.06,7.06
91.50800546108974,0.15072948157878,47.26450640542577,1.0,2.9400000000000004,6.03
87.71084337349397,0.1536930586069608,41.25421611492817,0.9499999999999993,2.96,7.08
90.65929925907322,0.1347231462521056,46.574857864813644,6.0,2.0,6.03
91.80425849831902,0.14579188802432844,44.67374810318665,4.0,4.06,5.03
89.81338641453097,0.15058611129434263,45.238751723273595,4.08,5.99,4.97
91.04067881207887,0.14217853404655997,47.443267776096825,0.03999999999999915,2.0,7.09
91.95310551259666,0.1431387876248735,45.00955535737037,1.9699999999999998,3.95,7.08
90.50986229996279,0.15148986161658082,49.938727022633486,4.03,6.08,7.08
88.97969353432167,0.14808549135620802,43.90207530756804,1.96,8.05,8.0
97.03277458093571,0.12370434902044433,46.11458593945459,3.03,6.06,4.03
88.67039106145252,0.1546415543615982,44.83975155279503,1.0,8.06,1.97
91.98752339363693,0.13607079899394373,44.645520030329834,2.99,6.06,2.04
90.96122677970328,0.1414070570617914,46.852589641434264,3.12,6.99,4.04
93.36508334377741,0.13226548561323245,49.0888582529139,4.05,6.99,4.06
90.37556334501753,0.14813088925618365,44.96372661321114,2.92,3.9699999999999998,7.1
94.3394334419654,0.11548420274027416,46.039715249156984,4.03,6.05,4.03
87.69983686786297,0.13597481003801554,44.42097321765372,3.97,6.04,4.97
89.7737556561086,0.138554027517577,45.06367041198502,1.0,8.03,3.06
96.66999002991027,0.12014610560106635,47.89614356624666,2.94,7.97,2.99
92.67977108733515,0.14678410107542947,44.115884115884114,3.0,8.01,4.03
89.79104477611939,0.15299002022557034,44.87877657590452,5.01,3.03,5.06
96.3371801304566,0.11994200258614576,46.24764772299586,4.05,5.01,4.01
94.03298350824588,0.12903434377699127,44.79269684290605,4.05,6.03,5.04
92.19457296486183,0.1398639335250732,45.99388379204893,4.0,4.96,2.97
91.16581282019243,0.14188813097434178,43.8475859501055,4.0,6.0,4.05
91.02932002495322,0.1316978800484091,44.309544713407746,2.03,7.08,1.94
92.07943049831397,0.14047834024870295,45.06367041198502,2.12,7.95,3.01
90.96122677970328,0.14609101298967853,45.57000378740058,5.0,2.97,4.99
93.06183635227983,0.13483709647406525,44.27622509086352,0.9399999999999995,0.9199999999999999,7.12
91.00661095172758,0.1430047846846178,46.323196783111335,2.99,6.06,7.04
87.76052664265309,0.14312437036526168,50.09533366783743,1.88,1.9100000000000001,6.99
90.5455913708767,0.14950520070576886,45.97655275629833,5.0,2.01,8.03
89.4029290274127,0.14990066801344376,45.94217347956132,5.04,1.94,5.01
92.13696575856035,0.1317260786807976,45.238751723273595,5.0,6.06,8.05
93.14328582145536,0.133632063382261,46.241846462619165,2.92,0.9499999999999993,8.03
93.10836145481815,0.1329432601927282,44.90110710287349,0.9600000000000009,0.9399999999999995,8.06
91.54209088651602,0.1343236978071085,45.79378881987577,0.9100000000000001,1.0099999999999998,8.08
88.94645080946451,0.14493423016367482,44.281774880922534,1.0,6.12,7.05
91.14303560274828,0.13908703271884565,46.230248306997744,0.0,0.0,6.08
93.72851805728519,0.1363564182278768,45.76645112209966,0.9600000000000009,0.9199999999999999,6.0
88.76957494407159,0.16131578470055885,44.3317856694692,1.0300000000000002,2.96,7.04
95.76059850374064,0.13064873438680913,47.3001508295626,0.9100000000000001,1.96,6.0
90.7124207385304,0.14719489644330164,47.1933784800602,1.9900000000000002,3.92,6.09
94.96877341993505,0.12553471522322382,47.69001490312966,6.05,3.01,7.03
94.79117317042763,0.1348234191511133,42.9957700920627,3.96,3.96,5.05
92.94572676232065,0.1436280841023245,47.69001490312966,3.04,6.04,6.04
88.01195814648729,0.1461760548955967,49.733499377334994,1.9400000000000004,2.92,6.08
92.17152144018002,0.14120024304529633,46.12035531089703,1.92,1.9100000000000001,8.06
89.3134925597099,0.140958268024551,47.88029925187032,6.03,5.0,5.96
93.37965260545906,0.1326814198984792,44.14344620767212,0.9700000000000006,1.9400000000000004,8.0
89.68357609241586,0.14006752247480506,46.241846462619165,2.01,7.03,8.05
94.98063710181137,0.12832929260791187,46.480897743033665,3.05,2.0,7.04
90.70114370959722,0.13453288854364245,45.483870967741936,4.96,5.06,7.06
91.1088911088911,0.13915013170765955,47.479182437547315,4.99,1.06,8.04
92.99213581325677,0.14462102593372983,45.77672916925369,5.03,2.97,7.97
91.5989563920984,0.12884373545795008,46.72460888999255,5.01,1.03,6.04
93.11999999999999,0.12815216890162415,46.52783036728512,1.0,5.99,4.03
95.11133350012508,0.1440996423508143,44.56104944500505,4.03,4.14,5.01
95.01624593851538,0.12685570346153377,45.16516516516516,1.01,7.12,3.06
87.38184546136534,0.1491000187005621,46.63377609108159,1.0,6.04,9.0
91.71289961437991,0.13679427225708804,45.36953242835595,1.94,6.06,8.09
89.24653255029365,0.14219075674681936,47.43130829342073,4.95,3.05,7.97
93.90393013100436,0.12178610090075312,45.03555832813475,3.03,6.0,6.01
91.41711564966796,0.13831943485217646,48.19882013304883,3.0,7.1,4.08
89.2911613951744,0.1404825603266568,47.779022023142964,1.0,7.08,9.0
90.54355919583023,0.16376648949032935,43.853028798411124,1.0,7.05,8.09
95.8203368683718,0.1355750150905279,45.856449807189954,1.0,6.06,8.0
90.38687867785151,0.14660407178605941,44.4993072175337,1.0,4.97,8.09
97.23956374576909,0.13051522300881413,46.817616322468275,1.0300000000000002,1.0999999999999996,6.21
92.14848143982002,0.1516277081194519,47.41338037041703,2.04,1.87,6.05
93.14328582145536,0.1388600068242974,49.789303079416534,0.0,0.9199999999999999,7.1
92.25225225225225,0.13818963243209945,47.252636865896534,0.9700000000000006,0.9499999999999993,6.09
93.00374531835206,0.1349012106566548,48.63777474233205,4.0,3.01,5.04
97.93224153019128,0.1300049097598779,48.564563045402814,0.9100000000000001,1.96,7.04
97.39649384558,0.13443090607550434,50.63946255287385,2.92,1.9000000000000004,7.0
94.88581055784351,0.13300416105115465,47.449249779346864,0.9900000000000002,0.8300000000000001,7.12
101.02755026061057,0.11921874194424886,48.87983706720978,0.9499999999999993,1.83,6.04
98.15609877155974,0.11907842344829431,43.70257966616085,3.08,2.91,2.92
100.40477686989315,0.12142283908040584,50.08905054559138,0.9600000000000009,2.12,5.99
98.14081683788525,0.1284362545378809,51.59492411047525,1.96,3.96,5.97
100.37341299477221,0.11639421121489134,47.71964707344352,7.12,2.94,6.05
95.52238805970148,0.14693316667366152,46.39315378806947,0.0,0.9499999999999993,7.13
98.53512705530643,0.11616832931375412,50.03257328990228,1.9900000000000002,3.96,4.92
97.8832937648382,0.12650684695653627,46.707211120764555,6.19,3.0,6.1
96.12015018773467,0.11999501535871188,50.65206570433051,3.96,3.9699999999999998,5.04
94.60246360582306,0.13167434013953622,47.779022023142964,9.0,2.99,6.17
98.71958068139274,0.11894843629222333,46.404833836858,1.0,1.9400000000000004,6.03
94.79117317042763,0.13848228943561375,47.2942063591806,0.9199999999999999,2.0300000000000002,7.05
93.64688316536021,0.1476107097007273,45.38664654847228,6.06,2.94,5.06
103.61524047470331,0.11755208329772168,51.989469725460694,6.97,4.99,6.23
92.34468937875751,0.14116048701608414,45.57575757575758,2.28,2.88,3.96
95.40372670807453,0.1260865859179219,49.410874227324335,9.0,4.96,6.12
97.02063789868667,0.12860637596810867,49.15045802484628,7.14,3.95,5.03
97.76113815050543,0.12872426403648812,45.94789978810918,5.05,4.04,5.04
95.80838323353294,0.13761412167497564,48.862275449101794,6.0,4.03,5.04
98.92946473236618,0.12899409192278474,47.76846915460777,3.0300000000000002,3.96,3.95
93.41442224152911,0.147495711642629,48.61362790120393,6.09,4.9,6.04
92.85304748847065,0.12797462752104943,47.86239561261373,4.95,2.01,2.88
92.32156273478587,0.1392086903669218,43.752373718192175,1.97,1.94,3.09
93.78691588785047,0.14492127400078408,47.65450483991065,1.96,1.96,4.12
93.70517928286853,0.14326166206541513,47.82918149466192,1.0,1.0,3.99
93.43534428696853,0.13221010280953094,48.93553223388306,1.0,5.01,3.18
92.61064147190451,0.1382024264552088,45.8165548098434,2.97,1.0,3.09
91.45149160190525,0.13062969679689726,50.5135340247913,2.92,1.92,2.72
94.03298350824588,0.1447358999542474,46.439909297052154,1.0,1.0,2.79
93.41191222570532,0.13691238039166861,47.75525432160179,1.15,1.06,2.18
95.31402783001128,0.13793857839261695,47.449249779346864,1.95,1.97,3.97
90.76884797213238,0.12756060874431502,47.407407407407405,3.06,1.0,4.97
97.65145848915483,0.1332607014261377,47.18154463390171,2.9699999999999998,3.96,9.0
90.55479707087005,0.14002198348994013,45.49533652634233,2.0,1.9699999999999998,9.0
96.09609609609609,0.13506671528590972,48.048048048048045,0.0,0.9600000000000009,9.0
95.71286141575274,0.13413914621345627,47.27638190954774,1.9500000000000002,1.9900000000000002,9.0
94.17417417417417,0.12632884651006399,46.4516129032258,4.97,1.0,9.0
96.46561372963562,0.11872175468250296,51.92499043245312,2.0,3.96,8.08
97.62711864406779,0.12446429581367417,50.765777001746066,4.94,5.04,9.0
97.84661503872097,0.11860733566390032,47.71964707344352,0.7599999999999998,0.8300000000000001,8.01
95.30208072198546,0.14582914843245484,45.3012048192771,0.009999999999999787,0.0,9.0
92.74900398406373,0.13792620423686808,48.93553223388306,2.99,3.96,7.06
97.80996379073542,0.11804085938168621,50.03884225034457,0.0,3.96,9.0
99.02854281422134,0.12396572334056032,52.49161178078787,4.18,5.04,8.96
95.65325694357952,0.13468484898058086,46.46332240988153,1.9900000000000002,1.8600000000000003,9.0
95.45115585384042,0.1270698742019032,48.89887640449438,0.9399999999999995,1.9699999999999998,9.0
97.70017460713395,0.11885132608834853,48.3079632658196,5.04,3.06,9.0
98.5228546518869,0.11625783466857031,48.764940239043824,0.9399999999999995,2.9400000000000004,8.95
92.79521674140507,0.14509024924962025,48.0,0.0,1.92,9.0
93.85708941264497,0.1380234553201229,49.85145425040569,0.0,0.009999999999999787,9.0
94.2449286250939,0.14023580682377226,48.693887902612225,5.06,2.0,9.0
96.0720540405304,0.1376810775000054,50.36065573770492,2.0300000000000002,3.96,9.0
93.86879521077576,0.14334175501484972,49.634601043997016,0.0,0.8599999999999994,9.0
99.44223107569722,0.12009724305393091,47.76119402985074,1.71,3.96,9.0
94.8502994011976,0.13422982299537806,47.865683032307295,1.0,2.96,9.0
97.8343949044586,0.12541459087368376,44.077354959451036,0.09999999999999964,1.0300000000000002,8.97
100.76221416968637,0.10694570982406558,50.04511278195489,4.0,1.0,9.0
94.74392523364486,0.12603060278604322,46.480897743033665,5.04,2.06,9.0
95.37380832915203,0.13236073005229315,48.85008730356697,4.97,1.0,9.0
94.47316103379723,0.1412516399260836,47.713717693836976,5.04,2.01,9.0
94.2449286250939,0.13039538227376185,47.2289156626506,1.8200000000000003,3.96,9.0
99.61586430531305,0.12208092132155149,48.19882013304883,1.92,1.96,8.96
100.26109660574413,0.12130226383423157,49.410874227324335,3.92,2.96,8.04
93.21321321321321,0.13322903479752665,49.938727022633486,3.96,3.9699999999999998,9.0
101.68373719710218,0.10821704008918345,47.004746440169875,5.04,3.04,8.97
96.80269561961812,0.12156021536425267,47.67817233672709,2.85,1.0,9.0
93.05021234074444,0.1298688425950153,46.31155778894472,1.0,1.0,5.03
92.48417132216015,0.13500883279983125,48.795315809144135,2.87,1.79,9.0
98.30091604969256,0.13753007504749923,49.79551122194514,2.99,5.03,7.1
101.95115842204133,0.10807069388663502,51.57567466732993,1.0,4.91,6.92
101.49357935419523,0.11654067608086052,52.067796610169495,2.14,1.01,9.0
94.1152932349631,0.13841418594606422,46.068482879280175,5.04,3.06,9.0
91.85000622897721,0.13768432188548457,49.15662650602409,1.9699999999999998,1.9100000000000001,8.01
91.12026976395654,0.12986850853860435,44.86664973329947,1.0099999999999998,0.9000000000000004,8.06
92.7605528576765,0.13951513876753646,46.31737655484358,0.0,1.96,7.0
91.97604790419162,0.13753476714808938,45.438066465256796,0.9199999999999999,1.9100000000000001,6.96
88.95752895752896,0.14562917737482203,48.66799204771372,1.96,0.9700000000000006,8.19
88.78060907395898,0.12470891666788095,45.3353428786737,0.8499999999999996,0.9000000000000004,8.06
86.93618609279761,0.14952572372604625,46.846757126851735,0.9100000000000001,0.0,7.08
91.05204043429427,0.14412569086740068,48.66194558330228,7.01,2.09,2.99
93.54093420391762,0.1380167103834239,43.15145461355974,5.04,5.0,5.04
88.27586206896552,0.14411984263840827,45.432347388294524,1.0099999999999998,1.87,8.08
86.02364654635969,0.16059086430073075,44.471299093655595,7.01,4.03,6.0
88.67039106145252,0.1507562084774983,44.4993072175337,6.06,2.05,5.04
89.92526158445442,0.13928102949804713,46.604298356510746,2.09,1.01,2.05
97.4349956035674,0.11950521580970819,49.19984926516769,8.03,3.04,7.04
85.89536473219833,0.15097382835603024,45.87356893977103,5.04,1.0,3.03
90.00374018202218,0.141579339199215,44.85646824903691,6.91,2.01,5.97
89.85281167442446,0.1405250512764174,46.96954568147778,6.99,3.09,7.05
93.85708941264497,0.13956706605675148,43.691529709228824,8.08,2.97,5.06
90.9952606635071,0.14885631704768196,46.41067606697722,1.9699999999999998,1.92,7.06
94.4934086629002,0.1356097083175883,49.10732196589769,0.9600000000000009,2.01,5.01
91.06340489266101,0.13827351639054722,44.50491307634165,2.01,1.95,3.0
94.41043652784745,0.12554241986629894,46.840926064227034,5.03,1.0,5.0
91.17720569857536,0.13768608740597651,45.74264797121231,2.03,3.04,1.99
93.16658329164582,0.13663948464596445,48.98449224612306,4.04,3.01,3.04
91.12026976395654,0.15521310208672354,46.36397937366369,4.06,3.05,6.97
88.02292263610315,0.13108605043105118,47.85643070787637,1.99,1.0,1.91
90.89323533075869,0.14806208449425975,45.925003114488604,2.92,2.99,6.01
89.0573566084788,0.150199545642602,47.40143594911198,2.9,1.85,3.09
91.78140171791361,0.146772697117426,48.655900621118015,2.06,1.97,2.92
89.79104477611939,0.1276913867028176,45.108722819295174,1.99,2.0,2.88
90.22872140982376,0.1444283632452815,46.1318983856839,2.09,1.96,7.99
92.27534418022528,0.12706064740921702,48.21697639377197,3.05,7.05,8.01
93.82198952879581,0.13526583125545635,49.280322093608454,1.9900000000000002,1.08,9.0
90.1836352279825,0.15519634429703344,47.42533081285444,3.01,1.9400000000000004,7.03
89.84691972619788,0.14741356986514143,47.00242254239449,1.08,6.05,8.96
89.64609462312183,0.149167909603596,46.51608832807571,3.08,2.96,1.92
91.48589341692791,0.14427984634303123,44.309544713407746,1.01,5.0,8.95
87.19650655021833,0.15321674078698413,44.50491307634165,1.96,7.96,9.0
89.53742008273787,0.14933509840965786,46.66919863273832,1.04,3.06,2.05
90.26256564141035,0.12815307030700054,43.708106740862526,1.9000000000000004,1.96,7.14
95.5818294959552,0.13237692821276248,43.68600682593856,2.9400000000000004,3.9400000000000004,6.05
92.01048296518158,0.1490314713125358,47.67817233672709,1.9500000000000002,1.9500000000000002,7.01
93.48403924978264,0.1390857512199689,43.86391854978893,0.0,1.92,8.01
96.4776119402985,0.14951884014033923,45.19909842223892,1.83,0.9100000000000001,8.06
90.39819684447784,0.13869517893796982,46.910994764397905,2.95,0.9499999999999993,8.06
92.5876211782252,0.132042144702117,46.96954568147778,0.9700000000000006,2.92,7.04
94.02123672704559,0.13327872913685593,46.35231987929083,1.96,1.9000000000000004,8.06
91.9072550486163,0.1363406812246863,44.46570169918188,7.04,5.0,6.03
92.9109503616862,0.13439675653791291,48.048048048048045,1.9400000000000004,2.9400000000000004,7.03
93.93909136295557,0.13925897798358156,45.6795747911921,1.9900000000000002,0.0,9.0
93.20155135743776,0.13454075555919595,47.527153321545846,0.9700000000000006,1.9900000000000002,7.01
90.72370057199701,0.13602570310850606,47.39546599496222,6.04,4.05,5.04
94.23312883435582,0.12507595946209454,41.4665996986439,6.06,2.92,3.96
91.54209088651602,0.13897175965651634,48.85008730356697,0.9399999999999995,3.95,8.03
94.33250620347395,0.13526638888440792,48.35054142533367,4.01,1.97,3.0
94.94505494505495,0.13076061326140773,42.93773824650572,3.0,1.0,2.05
90.26256564141035,0.1412913602865052,47.701863354037265,5.08,1.0,2.03
96.08407356436881,0.13489296520036498,47.081196046540725,1.9900000000000002,3.96,6.03
92.01048296518158,0.1345056800304708,46.800149235169755,1.9500000000000002,2.9400000000000004,5.05
91.95310551259666,0.1454825951943719,45.87356893977103,0.9700000000000006,1.9100000000000001,9.0
90.7349832110434,0.13100754837462156,44.79523454951601,2.92,2.03,8.03
92.44973938942667,0.13664105129540152,45.78241430700447,3.05,2.99,3.04
93.68185212845407,0.13005934095082358,46.568974229408795,2.05,1.0,2.88
90.04864662591991,0.13932905336694879,45.913563332918166,4.12,7.0,7.1
91.13165126155384,0.1463098120199639,45.524025728339005,3.03,3.97,4.06
90.31902915050668,0.15362426463744483,47.26450640542577,3.0,1.0,2.0
90.91588785046729,0.14946124681854497,44.895522388059696,1.9100000000000001,2.9400000000000004,8.99
96.63386072006976,0.1367628069900233,48.1022172115746,1.04,2.1,2.03
88.49699398797596,0.14870910723324238,47.820672478206724,3.97,1.0,4.03
92.59912989434432,0.1399423869268498,46.2534504391468,2.95,7.12,2.1
92.51862891207153,0.1479406822691486,45.018707907208785,1.0,8.04,2.04
91.17720569857536,0.13517135426506022,45.09745127436282,4.04,9.0,7.08
90.17237072195853,0.1370076179779697,48.06007509386733,1.99,7.03,1.0
92.05643650892746,0.13260527257465646,45.913563332918166,3.95,7.97,3.04
91.13165126155384,0.1455658079087701,46.30574048486371,1.92,8.04,1.99
92.51862891207153,0.13596820794843786,47.12246431254695,3.9699999999999998,1.9500000000000002,8.05
91.50800546108974,0.14874234045345086,47.19929762949956,5.01,5.0,7.03
91.44003007895726,0.14496897503362285,47.3775651517059,1.88,1.79,1.0
93.11999999999999,0.13344863942321367,48.89887640449438,2.95,0.9199999999999999,9.0
93.58793969849245,0.13958672418687348,48.24120603015076,2.99,1.9100000000000001,8.05
100.34843205574913,0.11237419939418536,49.634601043997016,3.96,3.96,5.04
97.03277458093571,0.13095160960269733,46.90514770036146,1.8499999999999996,2.88,4.95
99.57860615883307,0.11907872712314206,46.93439760538788,2.8499999999999996,3.08,5.92
92.67977108733515,0.14288714621023255,46.1897005387796,1.96,2.04,6.06
96.58573029510647,0.123265022087312,46.73621460506706,2.8099999999999996,2.0599999999999996,5.04
96.89943785134291,0.12943037043821232,48.39319470699433,2.7800000000000002,3.05,6.19
97.16647876738068,0.11551205762206272,47.58725341426404,4.05,4.06,4.03
96.9721215151894,0.13247773678257704,46.4750378214826,2.95,2.99,6.19
95.56993529118965,0.13951173925740085,49.22458212894306,1.92,2.8600000000000003,4.99
92.59912989434432,0.1389813669310246,46.85307574987291,5.08,4.99,9.0
95.72479122522746,0.12196938953041404,47.93409062539009,2.9400000000000004,1.8600000000000003,5.23
95.53427043164572,0.11539194735193559,49.56683629142361,5.15,3.0,5.04
97.05705705705705,0.1329178535545532,49.70873786407767,4.04,4.97,3.96
98.76888500437008,0.11989670746381777,49.29893014474512,5.04,5.0,5.04
99.82752155980502,0.1099170143602284,46.38731596828992,5.01,4.01,5.0
95.52238805970148,0.1395969365262003,47.563195146612735,3.96,3.96,5.03
97.23932472691162,0.12972173350067903,47.952047952047955,1.87,2.9400000000000004,5.0
94.53189108541588,0.12643242410138664,49.54838709677419,1.9500000000000002,3.9400000000000004,7.03
94.87397055153481,0.12165755811381891,46.50435221395231,0.7300000000000004,1.9699999999999998,5.01
93.88050392915055,0.13182716235093478,47.24077328646748,1.7400000000000002,1.9400000000000004,7.03
97.85883822610867,0.11424895362818709,49.43581976524044,3.05,2.9,3.05
97.93224153019128,0.1268458435025755,50.7214953271028,4.05,4.03,4.18
96.35776397515528,0.12927569300024486,47.21114038389161,3.0,2.99,3.06
95.88014981273409,0.12876412619713806,51.73652694610778,5.99,4.95,6.05
93.89221556886227,0.129833981770786,47.749316090524744,3.92,4.0,3.99
93.18989241931449,0.13628372236509545,45.75968222442899,5.01,1.0,5.05
98.05482538490423,0.11771308691605138,47.21114038389161,0.9900000000000002,2.7300000000000004,6.0
94.46142377935148,0.1301441818552196,43.460764587525155,5.06,4.97,3.91
93.85708941264497,0.13970533277628852,49.15662650602409,1.7699999999999996,3.9000000000000004,5.1
96.64590082232743,0.1229850180761973,48.06007509386733,4.04,6.14,4.09
97.65145848915483,0.1194464020414183,47.359677825320915,3.86,3.95,5.12
94.53189108541588,0.1405903213285826,43.940298507462686,5.01,3.94,7.04
97.23932472691162,0.12919016931994587,48.15650865312265,3.91,3.05,4.09
95.8921213634661,0.12056636670024055,48.52160727824109,4.99,6.01,4.91
96.53764779091476,0.12949955462866805,45.99950087347142,5.04,4.94,5.04
95.60562678949334,0.12035842771923733,46.846757126851735,4.03,2.96,6.88
94.89765351972042,0.13737499216088028,49.63000506842372,4.13,3.95,2.71
96.36135508155583,0.12641532723897644,46.369811320754714,3.96,3.96,5.04
94.76754331297519,0.12428734264900325,48.61966236345581,2.97,4.12,5.04
93.39123960789179,0.13149197687604688,46.230248306997744,5.05,3.99,9.0
92.86462228870606,0.13085400722975718,45.44378698224852,2.21,3.0300000000000002,8.08
89.93646443254018,0.15033353946059716,46.73041102694648,3.9699999999999998,1.9400000000000004,3.08
89.92526158445442,0.14557232310835577,47.12246431254695,0.9600000000000009,3.92,7.05
90.79612627342473,0.1349917500191279,46.09728648243092,6.97,2.96,5.97
95.34450651769087,0.13006052808902813,45.810861190505776,2.7800000000000002,3.9699999999999998,6.13
93.38849191425348,0.13404462389096217,45.07272263332483,4.99,4.97,6.06
90.42084168336673,0.14310937356007908,46.35231987929083,2.95,3.9400000000000004,5.04
90.47750344654719,0.1590378633221766,49.342403628117914,6.03,4.04,6.12
95.97600599850038,0.13234282762370425,45.7881008570364,6.06,3.88,6.04
92.03345400074896,0.14359064437575805,45.67379476148298,4.01,6.08,1.62
91.56482861400895,0.15178453888424667,45.7994781960492,9.0,2.82,8.23
89.1685393258427,0.14919922431807117,48.012003000750184,7.14,2.1,2.86
91.31414267834793,0.13013444348531517,47.23484373038785,8.09,4.04,8.04
95.2781954887218,0.1308121330931156,48.12633162050382,8.06,3.95,8.03
92.62215591197314,0.14641085506016235,45.392354124748486,6.05,1.0,8.03
90.58852743978147,0.14766366395411762,45.25009402030839,6.09,4.0,2.03
90.89901787962731,0.12675251222327596,44.87319741422178,4.94,2.1,5.04
90.75755691006344,0.15310225288954624,45.7994781960492,7.06,2.62,6.9
89.5682382133995,0.14670804585881436,45.98802395209581,1.0499999999999998,2.9400000000000004,6.04
97.22725580240785,0.13848753021605162,45.97655275629833,6.9,3.12,7.86
94.7085201793722,0.12906262472006638,46.759443339960235,3.91,0.9600000000000009,8.05
93.4492177799851,0.13136187709899658,45.77805960684845,5.04,3.96,5.04
94.52013923421184,0.13945104573765127,46.510219530658595,1.0,7.08,8.04
92.33312460864121,0.15256058783511234,47.50915288473678,5.0,2.06,7.04
90.66732943954268,0.14511682887480712,44.39306358381503,6.14,3.1,7.97
91.93017456359102,0.14182662908575275,47.66633565044687,7.08,1.96,4.05
92.56461232604373,0.12628434501097385,46.998875983514424,5.0,1.95,5.04
98.4247853676745,0.12185271138436332,45.81292042137327,5.01,1.96,7.0
90.66732943954268,0.14296694654910552,48.22303152078363,5.09,1.0,8.03
92.13696575856035,0.13986783995231705,49.35483870967742,3.13,8.01,1.0
94.98063710181137,0.13051105955336512,47.11656441717791,5.0,5.0,3.03
93.63523264493655,0.13596837443265436,43.44983656022127,1.0,7.97,1.01
94.2449286250939,0.13577248562065625,45.432347388294524,4.18,9.0,2.85
92.65671641791045,0.15287872500601365,45.080554514799545,1.95,8.03,2.08
93.43761638733706,0.13813906995041272,47.66041951098424,4.03,7.14,1.81
92.95732468180684,0.1451321805617205,44.69635627530364,4.97,6.95,1.96
97.26347156692327,0.12237263271240079,46.858423608517,1.0,9.0,1.01
90.96122677970328,0.13443356966177872,45.856449807189954,1.0,9.0,1.0
89.63496399304692,0.15214100481051918,45.76645112209966,1.0,9.0,1.0
93.21321321321321,0.13390270736529497,46.59840728100114,3.99,8.06,2.09
93.716847217034,0.1423040197374158,47.34180400050321,8.13,4.83,9.0
95.4696132596685,0.13114822810598512,46.93439760538788,4.99,2.99,7.96
90.09359790340696,0.1462592404250252,44.18761726078799,0.9499999999999993,1.9100000000000001,8.86
92.5069008782936,0.13865343905594826,45.512545706720466,2.04,3.8600000000000003,9.0
90.84796413896152,0.14153493311632914,48.06007509386733,1.8499999999999996,3.0599999999999996,9.0
91.41711564966796,0.13957251766058731,46.039715249156984,5.78,3.99,7.99
92.09093180114914,0.14021061253501893,47.034120734908136,4.94,4.09,9.0
90.6479156202913,0.14057144857699014,46.288297338021096,1.04,2.9400000000000004,8.05
92.22917187890918,0.13940113759585362,47.4372872809782,7.86,4.17,8.94
92.70283723245396,0.13094137613952767,46.334841628959275,4.08,5.95,8.82
96.52563464410154,0.13093790171751052,45.432347388294524,0.7599999999999998,2.7800000000000002,8.99
91.75855631611698,0.14245821063071828,47.258570890367956,7.31,3.88,9.0
90.34163433863095,0.1326877478514067,45.61031084154663,7.09,3.87,9.0
90.12734082397004,0.1384560138186935,46.53957833606867,1.9000000000000004,2.9699999999999998,9.0
95.33267130089374,0.13268983305768003,46.510219530658595,5.01,1.77,9.0
89.20194829524166,0.13360848459569225,48.26546003016591,3.97,6.0,7.03
96.0360135050644,0.12937865616059657,45.87927815805849,2.91,3.9699999999999998,9.0
92.43731193580743,0.13378391426124728,45.05804518786668,0.9700000000000006,1.9400000000000004,8.96
92.20610305152576,0.12476029194295864,45.3752357008171,0.7599999999999998,1.7599999999999998,9.0
90.08235587721488,0.14081849945536598,45.40377358490566,6.03,4.12,9.0
94.86213349968808,0.13496025572769219,48.540007584376184,4.12,5.99,7.17
92.13696575856035,0.13571047088373198,44.14896275931017,4.15,6.06,8.09
93.63523264493655,0.13625207155396302,49.0888582529139,3.01,6.15,5.08
91.46259769259397,0.13721752918487717,47.88029925187032,1.0,7.31,4.85
93.50571105811471,0.1248268617391323,44.90110710287349,4.01,7.17,8.01
94.12706353176588,0.1402162281596426,48.764940239043824,5.14,3.09,8.83
94.05648587853038,0.14447889306440467,46.46917937728476,3.0,1.7599999999999998,7.97
91.15442278860569,0.1337931501899196,48.41149773071105,6.03,5.0,8.28
92.28689447990988,0.1461158694897373,47.01649175412294,4.09,6.08,8.97
92.22917187890918,0.14191877708277068,48.22303152078363,1.0,7.27,4.73
97.2755494846641,0.12402623861077763,46.38147961751384,4.17,5.96,7.13
95.84425308873082,0.12909150986769763,47.79686333084391,3.87,7.15,7.13
94.61423593827774,0.1300569214546888,44.31510286001003,4.06,1.0,6.96
90.80273802115744,0.13993149053662632,45.18212542245588,4.05,6.27,7.03
92.50714019620017,0.14343808686824094,48.34445423643459,3.88,7.26,6.04
92.78365923527214,0.13687688826818456,46.38731596828992,3.91,6.96,5.82
92.31000375610367,0.13887629716803185,44.94084722045541,2.81,6.13,6.06
94.63778939507094,0.1364659397655007,45.856449807189954,3.05,7.01,5.1
92.67977108733515,0.13684987207294977,49.56092623054536,3.99,7.17,4.85
92.89936401047513,0.1353012239870838,48.271527341294785,7.15,4.03,9.0
